id_phim,tenphim,trangthai,daodien,thoiluong,phude,namsx,quocgia,theloai,dophangiai,luotxem,rating,vote
1,Đam Mê Dục Vọng,Hoàn thành,Kōta Yoshida,85.0,Vietsub,2016,Nhật Bản,"Tình cảm, Chính kịch, Viễn tưởng, Phim 18+, Phim lẻ",HD,167.0,8.0,1.0
2,Love Sick 2024,Đang chiếu,Cheewin Thanamin Wongskulphat,60.0,VietSub,2024,Thái Lan,"Tình cảm, Hài hước, Chính kịch, Tâm lý",HD,3542.0,8.0,1.0
3,Liên Minh Huyền Thoại: Khởi Nguồn,Hoàn thành,"Suki Medencevic, Leslie Iwerks",77.0,Vietsub,2019,Âu Mỹ,Tài liệu,HD,1746.0,8.0,1.0
4,Sát Thủ Mật Danh 13,Hoàn thành,Timo Tjahjanto,144.0,Vietsub,2024,Indonesia,"Hành động, Hình sự, Tâm lý",FHD,324.0,8.0,1.0
5,Vụ Cướp Táo Tợn,Hoàn thành,Michał Gazda,114.0,Vietsub,2024,Ba Lan,"Hình sự, Chính kịch",FHD,229.0,8.0,1.0
6,Hellboy: Đại Chiến Quỷ Dữ,Hoàn thành,Brian Taylor,100.0,Vietsub,2024,Âu Mỹ,"Viễn tưởng, Kinh dị, Phiêu lưu, Hành động",HD,1539.0,8.0,1.0
7,Cái Chết Của Bạch Tuyết,Hoàn thành,"Byun Young Joo, Lee Kyoo Man",70.0,VietSub,2024,Hàn Quốc,"Tình cảm, Chính kịch, Tâm lý, Phiêu lưu, Bí ẩn, Hình sự",HD,10248.0,8.0,1.0
9,Hội Quái Hộp,Hoàn thành,Anthony Stacchi,97.0,Vietsub,2014,Âu Mỹ,"Hài hước, Gia đình, Hoạt hình",HD,259.0,8.0,1.0
10,Đặc Vụ Xuyên Quốc Gia,Hoàn thành,Lee Seok Hoon,130.0,Vietsub,2022,Hàn Quốc,"Hành động, Phiêu lưu",HD,5447.0,9.0,1.0
11,Bí Mật Đêm Hè,Hoàn thành,Rawiphon Hong-ngam,44.0,Vietsub,2024,Thái Lan,"Tình cảm, Chính kịch, Tâm lý",HD,1284.0,8.0,1.0
13,Thượng Ẩn Thái Lan,Hoàn thành,Yuan Tin Tun Danop,60.0,VietSub,2024,Thái Lan,"Tình cảm, Chính kịch, Tâm lý",HD,3287.0,8.0,1.0
15,Hố Sâu Đói Khát 2,Hoàn thành,Galder Gaztelu-Urrutia,100.0,Vietsub,2024,Tây Ban Nha,"Viễn tưởng, Khoa học, Chính kịch",HD,599.0,8.0,1.0
16,Những kẻ xấu xa: Phi vụ ma ám,Hoàn thành,Kevin Peaty,22.0,Vietsub,2024,Âu Mỹ,"Hài hước, Hoạt hình",HD,468.0,8.0,1.0
18,Phần Đất Của Salem,Hoàn thành,Gary Dauberman,113.0,Vietsub,2024,Âu Mỹ,"Kinh dị, Bí ẩn",HD,534.0,8.0,1.0
19,Thần Mộ,Hoàn thành,Hui Tong,74.0,Vietsub,2022,Trung Quốc,Hoạt hình,HD,1493.0,8.0,1.0
20,Thanh Khâu Duyên Khởi,Hoàn thành,沈宏翔,0.0,Vietsub,2024,Trung Quốc,Viễn tưởng,HD,481.0,8.0,1.0
22,Strange Darling,Hoàn thành,JT Mollner,97.0,Vietsub,2024,Âu Mỹ,"Hình sự, Kinh dị",HD,651.0,8.0,1.0
24,Không Nói Điều Dữ,Hoàn thành,James Watkins,110.0,Vietsub,2024,Âu Mỹ,Kinh dị,HD,1427.0,8.0,1.0
26,Hương Vị Của Biển,Hoàn thành,Na Young Seok,,VietSub,2024,Hàn Quốc,Tv shows,HD,6131.0,8.0,1.0
27,Hồi Ức Của Một Người Thầy,Hoàn thành,Kyoll Hamzah,120.0,Vietsub,2024,Malaysia,Chính kịch,HD,161.0,8.0,1.0
28,Kamen Rider Gavv,Hoàn thành,Teruaki Sugihara,25.0,Vietsub,2024,Nhật Bản,"Phiêu lưu, Hành động, Viễn tưởng",HD,872.0,8.0,1.0
29,Culinary Class Wars,Hoàn thành,Kim Hak Min,63.0,Vietsub,2024,Hàn Quốc,Tv shows,HD,3143.0,8.0,1.0
30,Padu,Hoàn thành,Faisal Ishak,97.0,Vietsub,2024,Malaysia,Chính kịch,HD,176.0,8.0,1.0
31,Máu Lạnh,Hoàn thành,"Choi Jeong-eun, Kim Shin-il",,VietSub,2024,Hàn Quốc,"Gia đình, Chính kịch, Bí ẩn, Tâm lý",HD,10158.0,8.0,1.0
32,Gia Đình Khó Đoán,Hoàn thành,Kim Sung Geun,30.0,VietSub,2023,Hàn Quốc,"Tình cảm, Hài hước, Chính kịch, Tâm lý, Gia đình",HD,2017.0,8.0,1.0
33,Chuỗi Ngày Tự Lập Của Hyo Sim,Hoàn thành,Kim Hyeong-il,60.0,VietSub,2023,Hàn Quốc,"Gia đình, Chính kịch, Tình cảm, Tâm lý",HD,22492.0,9.8,4.0
34,Đế Chế Thanh Lịch,Hoàn thành,Park Gi Ho,30.0,VietSub,2023,Hàn Quốc,"Tình cảm, Chính kịch, Tâm lý, Gia đình, Bí ẩn",HD,1696.0,8.0,1.0
37,Beetlejuice Beetlejuice: Ma Siêu Quậy,Hoàn thành,Tim Burton,105.0,Vietsub,2024,Âu Mỹ,"Hài hước, Kinh dị",HD,889.0,8.0,1.0
38,Anh Ấy Xâm Chiếm Thế Giới Của Tôi,Hoàn thành,Kungfu Nitivat Cholvanichsiri,45.0,VietSub,2024,Thái Lan,"Tình cảm, Tâm lý",HD,4747.0,8.0,1.0
39,Xóa Tan Ký Ức,Hoàn thành,"Kim Na Young, Yoon Ji Hoon",70.0,VietSub,2024,Hàn Quốc,"Tình cảm, Hài hước",HD,4883.0,8.0,1.0
40,Giải Mã Tình Yêu Anh Bằng Trái Tim Em,Hoàn thành,"Naruebet Kuno, Tossaphon Riantong",70.0,Vietsub,2020,Thái Lan,Chính kịch,HD,688.0,8.0,1.0
41,Con Trai Bạn Mẹ (Chuyện Tình Nhà Bên),Hoàn thành,Yoo Je Won,,VietSub,2024,Hàn Quốc,"Tình cảm, Chính kịch, Tâm lý, Gia đình",HD,74781.0,8.0,1.0
42,Người Tình DNA,Hoàn thành,Sung Chi Wook,60.0,VietSub,2024,Hàn Quốc,"Tình cảm, Hài hước, Chính kịch, Tâm lý",HD,4255.0,8.0,1.0
43,Học Kỳ Sinh Tử,Đang chiếu,Sung Yong Il,60.0,Vietsub,2023,Hàn Quốc,"Hành động, Viễn tưởng",HD,34294.0,10.0,1.0
44,Học Kỳ Sinh Tử Phần 2,Hoàn thành,Sung Yong Il,45.0,VietSub,2023,Hàn Quốc,"Phiêu lưu, Gia đình, Hành động, Học đường, Viễn tưởng, Khoa học",HD,33356.0,9.5,2.0
45,Phố Trấn Hồn: Nhiệt Huyết Sục Sôi,Đang chiếu,Zhong Qing,45.0,Vietsub,2024,Trung Quốc,"Phiêu lưu, Hành động, Cổ trang",HD,6066.0,8.0,1.0
46,Đêm Tối Và Bình Minh,Hoàn thành,"Li Cai, Nan Huang",45.0,Vietsub,2024,Trung Quốc,"Chính kịch, Bí ẩn, Tâm lý",HD,4590.0,8.0,1.0
47,Thư Từ Biệt,Đang chiếu,Deniz Çelebi Dikilitaş,120.0,Vietsub,2023,Thổ Nhĩ Kỳ,"Gia đình, Chính kịch",HD,1904.0,8.0,1.0
48,Mạc Phong Ngâm,Hoàn thành,Hà Giai Nam,45.0,VietSub,2024,Trung Quốc,"Tình cảm, Chính kịch, Tâm lý, Phiêu lưu, Cổ trang, Võ thuật",HD,10203.0,8.0,1.0
49,"Nửa Thân Quen, Nửa Xa Lạ",Đang chiếu,Zhang Xiao Bo,45.0,Vietsub,2024,Trung Quốc,Tình cảm,HD,3723.0,8.0,1.0
50,Găng Tơ Tái Xuất,Hoàn thành,Kim Min Ho,116.0,VietSub,2018,Hàn Quốc,"Tâm lý, Phiêu lưu, Hành động, Hình sự",HD,2568.0,8.0,1.0
51,Bướm Đêm,Hoàn thành,Anggy Umbara,30.0,VietSub,2022,Indonesia,"Tình cảm, Tâm lý, Phim 18+",HD,12074.0,8.0,1.0
52,Thử Thách Thần Tượng,Đang chiếu,"Kim Ju Hyung, Jo Hyo Jin",90.0,Vietsub,2010,Hàn Quốc,"Hài hước, Phiêu lưu, Tv shows",HD,191636.0,3.0,2.0
53,Tình Sử Jang Ok Jung,Hoàn thành,Boo Sung-Chul,65.0,VietSub,2013,Hàn Quốc,Chính kịch,HD,61545.0,9.0,1.0
54,Y Quán Tiểu Truyện (Phần 1),Hoàn thành,Đinh Ngưỡng Quốc,45.0,Lồng Tiếng,2015,Trung Quốc,"Phim bộ, Phim hài, Cổ trang",HD,592.0,8.0,1.0
55,"Chiến Tranh, Loạn Lạc",Hoàn thành,김상만,126.0,Vietsub,2024,Hàn Quốc,"Hành động, Chính kịch",HD,361.0,8.0,1.0
56,Kỹ Sư Tình Yêu,Hoàn thành,"Niink Karnpicha Sinlertpattana, Ko Nantalit Tampacha",40.0,Vietsub,2020,Thái Lan,"Phim bộ, Tâm lý, Tình cảm",HD,629.0,8.0,1.0
58,Su Ji Và U Ri,Hoàn thành,Park Ki-hyun,30.0,Vietsub,2024,Hàn Quốc,"Gia đình, Chính kịch, Tình cảm, Tâm lý",HD,2759.0,8.0,1.0
59,Vũ Điệu Chiến Thắng,Hoàn thành,Park Beom-su,120.0,Vietsub,2024,Hàn Quốc,"Hài hước, Chính kịch",FHD,251.0,8.0,1.0
60,Bí Mật Bị Vùi Lấp Phần 1,Hoàn thành,"Josh Pate, Jonas Pate, Shannon Burke",50.0,Vietsub,2020,Âu Mỹ,"Hành động, Phiêu lưu",HD,8067.0,8.0,1.0
62,Affair: Mánh Khóe Tình Yêu,Hoàn thành,Pantip Wiboonthum,60.0,VietSub,2024,Thái Lan,"Tình cảm, Tâm lý, Học đường",HD,7251.0,8.0,1.0
67,Đảo Ngược Thời Gian Vì Em,Hoàn thành,Oat Vatanyu Ingkavivat,45.0,VietSub,2024,Thái Lan,"Tình cảm, Chính kịch, Tâm lý",HD,2881.0,8.0,1.0
68,BLUE LOCK THE MOVIE -EPISODE NAGI-,Hoàn thành,石川俊介,91.0,Vietsub,2024,Nhật Bản,"Chính kịch, Hành động",HD,471.0,8.0,1.0
69,Ma Sói,Hoàn thành,François Uzan,95.0,Vietsub,2024,Pháp,"Hành động, Hài hước, Phiêu lưu",HD,284.0,8.0,1.0
70,Truyện Kinh Dị Mỹ Phần 11,Hoàn thành,"Brad Falchuk, Ryan Murphy",45.0,Vietsub,2022,Âu Mỹ,"Tâm lý, Viễn tưởng, Kinh dị",HD,6280.0,8.0,1.0
71,Thiên Sứ Tội Lỗi (Đóa Hồng Tội Lỗi),Hoàn thành,Koo Ekkasit Trakulkasemsuk,,VietSub,2024,Thái Lan,"Tình cảm, Chính kịch, Tâm lý",HD,24613.0,8.0,1.0
72,Phong Thủy,Hoàn thành,Park Hee-Kon,126.0,Thuyết Minh,2018,Hàn Quốc,"Cổ trang, Tâm lý, Bí ẩn",HD,2490.0,8.0,1.0
73,Bậc Thầy Phong Thủy,Hoàn thành,Park Hee Kon,126.0,Thuyết Minh,2018,Hàn Quốc,"Cổ trang, Tâm lý",HD,2676.0,8.0,1.0
74,Tại Sao Boss Muốn Cưới Tôi 2,Hoàn thành,Qiang Wu,43.0,Vietsub,2020,Trung Quốc,Tình cảm,HD,9920.0,10.0,1.0
76,Bạo Chúa Caligula,Hoàn thành,Tinto Brass,156.0,Vietsub,1979,Âu Mỹ,"Tình cảm, Chính kịch",HD,211.0,8.0,1.0
77,Liều Mạng,Hoàn thành,Marc Ma,115.0,Vietsub,2024,Trung Quốc,"Hành động, Hình sự",FHD,411.0,8.0,1.0
78,21 Khoảnh Khắc,Hoàn thành,Néstor Ruiz Medina,97.0,Vietsub,2023,Tây Ban Nha,Chính kịch,FHD,324.0,8.0,1.0
79,Quái Vật Không Gian: Romulus,Hoàn thành,Fede Álvarez,119.0,Vietsub,2024,Âu Mỹ,"Viễn tưởng, Khoa học, Kinh dị",HD,663.0,8.0,1.0
80,Vô Gian Nhất Chiến,Hoàn thành,Mak Ho-Pong,86.0,Vietsub,2023,Trung Quốc,"Hình sự, Hành động",FHD,392.0,8.0,1.0
81,Thảm Họa Núi Lửa Katla,Hoàn thành,"Baltasar Kormákur, Sigurjón Kjartansson",43.0,Vietsub,2021,Iceland,"Chính kịch, Bí ẩn, Khoa học, Viễn tưởng",FHD,367.0,8.0,1.0
82,Em Không Ngốc 3,Hoàn thành,Jack Neo,132.0,Vietsub,2024,Singapore,"Chính kịch, Hài hước, Gia đình",FHD,109.0,8.0,1.0
83,Vân Tịch Truyện,Hoàn thành,Lưu Trấn Minh,45.0,Vietsub,2018,Trung Quốc,"Tình cảm, Cổ trang, Tâm lý",HD,67104.0,8.0,1.0
85,Gundam: Khúc cầu hồn thù hận,Hoàn thành,Đang cập nhật,24.0,Vietsub,2024,Nhật Bản,"Khoa học, Viễn tưởng, Hoạt hình",FHD,427.0,8.0,1.0
86,Nghe Thấy Giọng Nói Của Em,Hoàn thành,Hermione,33.0,Vietsub,2022,Trung Quốc,Hành động,HD,12564.0,8.0,1.0
87,Bài Học Tình Yêu Thứ 9,Hoàn thành,Wang Li Wen,55.0,Vietsub,2022,Đài Loan,"Tâm lý, Gia đình, Học đường",FHD,16076.0,8.0,1.0
88,Thủ Lĩnh Sho Huyền Thoại,Hoàn thành,"Ueda Hisashi, Sumida Takashi",50.0,Vietsub,2024,Nhật Bản,"Phim bộ, Hành động, Phim hài",HD,373.0,8.0,1.0
89,Tam Sinh Vô Thương,Đang chiếu,Wen Hong Yi,20.0,VietSub,2024,Trung Quốc,"Tình cảm, Chính kịch, Tâm lý, Phiêu lưu, Cổ trang",HD,2339.0,8.0,1.0
91,Cú Máy Ăn Tiền,Hoàn thành,김지운,135.0,Vietsub,2023,Hàn Quốc,"Hài hước, Chính kịch, Lịch sử",FHD,406.0,8.0,1.0
92,Người Đàn Ông Yêu UFO,Hoàn thành,Diego Lerman,107.0,Vietsub,2024,Argentina,"Hài hước, Chính kịch",HD,104.0,8.0,1.0
93,The Life and Movies of Erşan Kuneri Phần 2,Hoàn thành,Cem Yılmaz,50.0,Vietsub,2024,Thổ Nhĩ Kỳ,Hài hước,HD,144.0,8.0,1.0
95,Nhà Của Bé Sư Tử,Đang chiếu,Toshio Tsuboi,45.0,Vietsub,2024,Nhật Bản,"Gia đình, Chính kịch, Bí ẩn",HD,196.0,8.0,1.0
96,Đoàn Tàu Cõi Âm,Hoàn thành,Rizal Mantovani,102.0,VietSub,2024,Indonesia,"Kinh dị, Tâm lý, Bí ẩn",HD,781.0,8.0,1.0
99,Mật Mã Lệch Lạc,Hoàn thành,"Jojo Tichakorn Phukhaotong, Ninew Pinya Chookamsri",50.0,VietSub,2022,Thái Lan,"Tình cảm, Hài hước, Chính kịch, Học đường",FHD,9282.0,8.0,1.0
100,Lời Hồi Đáp 1988-LEE HYE RI,Hoàn thành,Shen Yuan Hao,90.0,Thuyết Minh,2015,Hàn Quốc,"Tình cảm, Tâm lý",HD,99375.0,10.0,2.0
101,Dự Án Hồ Muối,Hoàn thành,Lu Lei,90.0,Vietsub,2024,Trung Quốc,"Phim lẻ, Phiêu lưu, Phim hài, Hình sự",HD,266.0,8.0,1.0
102,Thất Dạ Tuyết,Hoàn thành,"Ren Haitao, Liang Sheng Quan",,VietSub,2024,Trung Quốc,"Tình cảm, Chính kịch, Tâm lý, Phiêu lưu, Hành động, Cổ trang",HD,8872.0,8.0,1.0
103,Thêm Một Lần Nữa,Hoàn thành,hwang kyung sung,,VietSub,2022,Hàn Quốc,Tình cảm,HD,5902.0,8.0,1.0
104,Lửa Và Nước,Hoàn thành,Sion Sono,129.0,Vietsub,2011,Nhật Bản,"Hình sự, Chính kịch",HD,3359.0,8.0,1.0
105,Bộ Tứ Siêu Đẳng: Sứ Giả Bạc,Hoàn thành,Tim Story,92.0,Vietsub,2007,Âu Mỹ,"Hành động, Hình sự, Phiêu lưu, Bí ẩn",HD,2865.0,8.0,1.0
107,Đô Thị Cổ Tiên Y,Đang chiếu,Đang cập nhật,9.0,Vietsub,2024,Trung Quốc,"Hành động, Phiêu lưu, Viễn tưởng, Hoạt hình",FHD,354.0,8.0,1.0
108,Vincenzo,Hoàn thành,Kim Hee-Won,60.0,VietSub,2021,Hàn Quốc,"Hành động, Hình sự, Phiêu lưu",HD,72248.0,8.0,1.0
109,Câu Chuyện Sau Chia Tay,Hoàn thành,Moon Hyun Sung,,VietSub,2024,Hàn Quốc,"Tình cảm, Chính kịch, Tâm lý",HD,3571.0,8.0,1.0
110,Bản Án Từ Địa Ngục Phần 2,Hoàn thành,Choi Gyu Seok,,VietSub,2024,Hàn Quốc,"Hình sự, Viễn tưởng, Khoa học, Chính kịch",HD,978.0,8.0,1.0
112,Trò Chơi Đuổi Bắt W2,Hoàn thành,Tomoya Sugioka,23.0,Vietsub,2024,Nhật Bản,"Tình cảm, Chính kịch, Tâm lý",HD,710.0,8.0,1.0
113,Cô Giáo Thảo Mai,Hoàn thành,Artemio Abad,49.0,Vietsub,2024,Philippines,"Chính kịch, Phim 18+",FHD,670.0,8.0,1.0
114,Sự Quyến Rũ Chết Người,Hoàn thành,Adul Boonboot,47.0,Vietsub,2018,Thái Lan,"Tình cảm, Tâm lý",HD,14486.0,8.0,1.0
115,Thợ Săn Hoang Mạc,Hoàn thành,Heo Myung Haeng,145.0,Lồng Tiếng,2024,Hàn Quốc,"Tâm lý, Phiêu lưu, Hành động, Hình sự",HD,17535.0,10.0,2.0
116,Anh Hùng Nặng Vai,Hoàn thành,Dương Cẩm Tuyền,45.0,Lồng Tiếng,1996,Hồng Kông,"Phim bộ, Cổ trang",HD,295.0,8.0,1.0
117,Ám Sát Ông Vua Nhạc RocknRoll,Hoàn thành,Eddie O'Keefe,90.0,Vietsub,2016,Âu Mỹ,"Phim lẻ, Hình sự, Chính kịch, Lãng mạn",HD,240.0,8.0,1.0
118,Tiểu Nương Tử Nhà Tướng Quân,Hoàn thành,Qiang Wu,45.0,Thuyết Minh,2020,Trung Quốc,Tâm lý,HD,36226.0,10.0,1.0
119,Quân Cửu Linh,Hoàn thành,Tạ Trạch,45.0,Vietsub,2021,Trung Quốc,Cổ trang,HD,19631.0,8.0,1.0
120,Bí Mật Quốc Gia,Hoàn thành,"Hàn Bác Văn, Phan Cảnh Thừa",44.0,Lồng Tiếng,2017,Trung Quốc,"Tình cảm, Hình sự",HD,12397.0,8.0,1.0
121,Lớp Học Của Nữ Hoàng (Bản Nhật),Hoàn thành,Hitoshi Iwamoto,45.0,Vietsub,2005,Nhật Bản,"Phim bộ, Chính kịch",HD,359.0,8.0,1.0
122,Lọ Lem 2 Giờ Sáng,Hoàn thành,Seo Min Jung,50.0,Thuyết Minh,2024,Hàn Quốc,"Chính kịch, Tình cảm, Tâm lý, Gia đình",HD,6150.0,8.0,1.0
123,Chúng Ta Hãy Kết Hôn Nhé,Đang chiếu,Kim Sung Geun,30.0,VietSub,2024,Hàn Quốc,"Tình cảm, Chính kịch, Tâm lý, Gia đình",HD,933.0,8.0,1.0
125,Gã Hề Điên Loạn,Hoàn thành,Damien Leone,60.0,Vietsub,2017,Âu Mỹ,"Tâm lý, Kinh dị, Bí ẩn",HD,5639.0,8.0,1.0
126,Bỗng Dưng Trúng Mánh,Hoàn thành,Hwang Dong-seok,105.0,Vietsub,2023,Hàn Quốc,"Phim lẻ, Hành động, Hình sự, Chính kịch",HD,589.0,8.0,1.0
127,Venom: Kèo Cuối,Hoàn thành,Kelly Marcel,109.0,VietSub,2024,Âu Mỹ,"Hành động, Viễn tưởng, Phiêu lưu, Khoa học",HD,3142.0,8.0,1.0
128,Gia Đình Darim,Đang chiếu,Sung Joon Hae,70.0,Vietsub,2024,Hàn Quốc,"Hài hước, Gia đình, Tình cảm, Chính kịch, Tâm lý",HD,1813.0,8.0,1.0
129,Mỏng Manh Dễ Vỡ,Hoàn thành,Kim Ji Hoon,30.0,Vietsub,2024,Hàn Quốc,"Tình cảm, Gia đình, Học đường",HD,3036.0,8.0,1.0
130,Tiger Crane,Đang chiếu,Zhao Bingle,,Vietsub,2024,Trung Quốc,"Hành động, Viễn tưởng, Phiêu lưu, Khoa học, Hoạt hình",HD,344.0,8.0,1.0
131,Vụ không tặc 1993,Hoàn thành,Robert Peters,86.0,Vietsub,2024,Nigeria,Chính kịch,HD,150.0,8.0,1.0
132,Robot Hoang Dã,Hoàn thành,Chris Sanders,102.0,Vietsub,2024,Âu Mỹ,"Viễn tưởng, Khoa học, Gia đình, Hoạt hình",HD,935.0,8.0,1.0
133,Transformers Một,Hoàn thành,Josh Cooley,104.0,Lồng Tiếng,2024,Âu Mỹ,"Hành động, Viễn tưởng, Phiêu lưu, Khoa học, Gia đình, Hoạt hình",HD,1238.0,8.0,1.0
134,Bẫy,Hoàn thành,M. Night Shyamalan,105.0,Vietsub,2024,Âu Mỹ,Bí ẩn,HD,682.0,8.0,1.0
135,Mục Thần Ký,Đang chiếu,沈乐平,20.0,Vietsub,2024,Trung Quốc,"Hành động, Viễn tưởng, Phiêu lưu, Khoa học, Hoạt hình",HD,223.0,8.0,1.0
136,Hyeri Yêu Dấu (Gửi Hyeri của Tôi),Hoàn thành,"Jung Ji Hyun, Heo Seok Won",70.0,VietSub,2024,Hàn Quốc,"Tình cảm, Chính kịch, Tâm lý",HD,7785.0,8.0,1.0
137,Vẻ Đẹp Đích Thực,Hoàn thành,Kim Sang Hyub,45.0,VietSub,2021,Hàn Quốc,"Tình cảm, Hài hước",HD,298691.0,9.4,14.0
141,Hoa Lang,Hoàn thành,"Rick Yune, Richard Yun",59.0,Vietsub,2016,Hàn Quốc,Cổ trang,HD,11029.0,8.0,1.0
142,Hành Trang Làm Mẹ,Hoàn thành,Đang cập nhật,45.0,Thuyết Minh,2020,Đài Loan,"Gia đình, Chính kịch",FHD,135.0,8.0,1.0
143,Ai Là Kẻ Sát Nhân,Hoàn thành,"Han Cheol Soo, Kim Yong Min",45.0,VietSub,2023,Hàn Quốc,"Tình cảm, Tâm lý, Hành động, Bí ẩn",HD,43301.0,10.0,1.0
144,Quái Hiệp Âu Dương Đức,Hoàn thành,Lâm Thiêm Nhất,45.0,Lồng Tiếng,2011,Trung Quốc,"Hài hước, Chính kịch",HD,126.0,8.0,1.0
145,Tân Họa Bì,Hoàn thành,Dai Yi Lin,92.0,Vietsub,2022,Trung Quốc,"Tình cảm, Cổ trang, Tâm lý, Viễn tưởng",HD,2800.0,8.0,1.0
149,Người Tình Ánh Trăng,Hoàn thành,Đang cập nhật,,Vietsub,2016,Hàn Quốc,"Tình cảm, Cổ trang",FHD,104169.0,9.3,4.0
150,Quý Công Tử,Hoàn thành,Park Hoon-jung,118.0,Vietsub,2023,Hàn Quốc,"Hành động, Hài hước",HD,91447.0,8.2,5.0
151,Hình Nhân Liễu Gai,Hoàn thành,Robin Hardy,94.0,Vietsub,1973,Anh,Kinh dị,HD,473.0,8.0,1.0
155,Hạnh Phúc Đến Vạn Gia,Hoàn thành,"Zheng Xiao Long, Liu Xue Song",45.0,Thuyết Minh,2022,Trung Quốc,"Tình cảm, Tâm lý",HD,36982.0,8.0,1.0
156,Báo Thủ Seoul,Hoàn thành,An Jong Yeon,,Vietsub,2024,Hàn Quốc,Hài hước,HD,3370.0,8.0,1.0
157,Xuân Hoa Diễm,Hoàn thành,"Lu Cheng, Vicky Wong",,Vietsub,2024,Trung Quốc,"Hành động, Phiêu lưu, Chính kịch",HD,32259.0,7.6,11.0
158,Ma Đất Sét,Hoàn thành,Sôichi Umezawa,81.0,Vietsub,2018,Nhật Bản,"Phim lẻ, Kinh dị, Bí ẩn",HD,123.0,8.0,1.0
159,Qúy Cô Bọ Cạp,Hoàn thành,Bruce Del Castillo,96.0,Vietsub,2024,Âu Mỹ,"Hành động, Hình sự",FHD,140.0,8.0,1.0
160,Cuộc Tình Thay Phiên,Hoàn thành,Bobby Bonifacio,103.0,Vietsub,2024,Philippines,"Chính kịch, Tình cảm, Phim 18+",FHD,326.0,8.0,1.0
161,Đừng Buông Tay,Hoàn thành,Alexandre Aja,101.0,Vietsub,2024,Âu Mỹ,"Kinh dị, Chính kịch",FHD,321.0,8.0,1.0
162,Cuộc Tình Tay Ba,Hoàn thành,Iar Arondaing,48.0,Vietsub,2024,Philippines,"Chính kịch, Tình cảm, Phim 18+",FHD,312.0,8.0,1.0
163,Thiên Tài Bất Hảo,Hoàn thành,J.C. Lee,96.0,Vietsub,2024,Canada,"Chính kịch, Tâm lý",FHD,150.0,8.0,1.0
164,Luật Rừng Cuối Tuần,Hoàn thành,Vivek Athreya,172.0,Vietsub,2024,Ấn Độ,"Hành động, Tâm lý",FHD,121.0,8.0,1.0
165,Mật Mã Phù Thủy (Phần 1),Hoàn thành,"Alice Troughton, Juan Carlos Medina, Sarah Walker",45.0,Vietsub,2018,Âu Mỹ,"Hành động, Tâm lý, Viễn tưởng, Phiêu lưu, Khoa học",HD,10704.0,8.0,1.0
166,Mật Mã Phù Thủy (Phần 2),Hoàn thành,"Alice Troughton, Juan Carlos Medina, Sarah Walker",45.0,Vietsub,2021,Âu Mỹ,"Hành động, Tâm lý, Viễn tưởng, Phiêu lưu, Khoa học",HD,9991.0,8.0,1.0
167,Mật Mã Phù Thủy (Phần 3),Hoàn thành,"Alice Troughton, Juan Carlos Medina, Sarah Walker",46.0,Vietsub,2022,Âu Mỹ,"Hành động, Tâm lý, Viễn tưởng, Phiêu lưu, Khoa học",HD,8434.0,8.0,1.0
169,Bùa Yêu Trong Vũng Ngò Ôm,Hoàn thành,Off Pongpat Wachirabunjong,45.0,Vietsub,2021,Thái Lan,"Tình cảm, Hài hước",HD,13438.0,10.0,1.0
170,Bùa Yêu (Bản Thái),Hoàn thành,Koo Ekkasit Trakulkasemsuk,44.0,Lồng Tiếng,2020,Thái Lan,Tình cảm,HD,17435.0,8.0,1.0
171,Siêu Nhân Điện Quang Arc,Đang chiếu,Takanori Tsujimoto,30.0,VietSub,2024,Nhật Bản,"Hài hước, Hành động, Viễn tưởng, Khoa học",HD,2083.0,8.0,1.0
172,Thiên Cơ Thập Nhị Cung,Hoàn thành,Trần Bằng,,Lồng Tiếng,2019,Trung Quốc,"Tình cảm, Cổ trang",HD,11143.0,8.0,1.0
173,Jack And Joker: Người Đánh Cắp Trái Tim Tôi!,Đang chiếu,"Tee Sintanaparadee, Tee Bundit Sintanaparadee",60.0,VietSub,2024,Thái Lan,"Tình cảm, Tâm lý, Phiêu lưu, Bí ẩn, Hình sự",HD,2395.0,8.0,1.0
177,Bí Mật Kẻ Sát Nhân Hoàng Đạo,Hoàn thành,Đang cập nhật,49.0,Vietsub,2024,Âu Mỹ,"Tài liệu, Hình sự",FHD,176.0,8.0,1.0
178,Cắt qua thời gian,Hoàn thành,Hannah Macpherson,91.0,Vietsub,2024,Âu Mỹ,"Viễn tưởng, Khoa học, Kinh dị",HD,183.0,8.0,1.0
179,Ngôi Nhà Hạnh Phúc (Bản Việt Nam),Hoàn thành,Vũ Ngọc Đãng,45.0,Vietsub,2009,Việt Nam,"Gia đình, Tâm lý, Tình cảm",FHD,153.0,8.0,1.0
180,Chú Chó Biết Tuốt,Hoàn thành,Kim Yoo Jin,70.0,Thuyết Minh,2024,Hàn Quốc,"Tình cảm, Hài hước, Chính kịch, Tâm lý",HD,3631.0,8.0,1.0
181,Tình Yêu Khờ Dại,Hoàn thành,Kim Min Seok,60.0,Vietsub,2019,Hàn Quốc,"Phim bộ, Tâm lý, Tình cảm",HD,447.0,8.0,1.0
182,Valentine Dối Trá,Hoàn thành,Koo Ekkasit Trakulkasemsuk,30.0,Thuyết Minh,2022,Thái Lan,"Phim bộ, Tâm lý, Tình cảm",HD,281.0,8.0,1.0
183,Kỷ Niệm Tan Vỡ,Hoàn thành,K Chainarong Tampong,30.0,Thuyết Minh,2022,Thái Lan,"Phim bộ, Tâm lý, Tình cảm",HD,281.0,8.0,1.0
184,Sinh Nhật Bất Hạnh,Hoàn thành,Tik Wasinee Khunanitisarn,30.0,Thuyết Minh,2021,Thái Lan,"Phim bộ, Tâm lý, Tình cảm",HD,170.0,8.0,1.0
185,Mong Đợi Cuối Cùng,Hoàn thành,Kathatep Thaivanit,30.0,Thuyết Minh,2022,Thái Lan,"Phim bộ, Tâm lý, Tình cảm",HD,342.0,8.0,1.0
186,Cái Kết Của Nhân Tình,Hoàn thành,Tik Wasinee Khunanitisarn,30.0,Thuyết Minh,2020,Thái Lan,"Phim bộ, Lãng mạn, Tâm lý, Tình cảm",HD,245.0,8.0,1.0
187,Mẹ Kế (Thái Lan),Hoàn thành,Nui Suttasit Dechinthanarak,30.0,Thuyết Minh,2020,Thái Lan,"Phim bộ, Lãng mạn, Tâm lý, Tình cảm",HD,262.0,8.0,1.0
188,Ngoại Tình,Hoàn thành,Louie Ignacio,96.0,Vietsub,2022,Philippines,Chính kịch,HD,3440.0,8.0,1.0
189,Bí Mật Trên Ứng Dụng Hẹn Hò,Hoàn thành,Boonyathorn Kitiphattakon,45.0,Thuyết Minh,2024,Thái Lan,"Tình cảm, Tâm lý",HD,3631.0,8.0,1.0
190,Yêu Em 3000 Lần,Đang chiếu,Zhou Ming Liang,,Vietsub,2024,Trung Quốc,"Chính kịch, Tình cảm",FHD,819.0,8.0,1.0
191,Nhị Lang Thần: Thâm Hải Giao Long,Hoàn thành,Wang Jun,99.0,Vietsub,2024,Trung Quốc,"Phiêu lưu, Viễn tưởng, Hoạt hình",FHD,327.0,8.0,1.0
192,"Daeng: Hậu Duệ ""Tình Người Duyên Ma""",Hoàn thành,"Chaleumpol Tikumpornteerawong, Watcharapong Pattama",110.0,Vietsub,2022,Thái Lan,"Hài hước, Kinh dị",HD,3663.0,8.0,1.0
194,Nữ Luật Sư Lidia Poët Phần 2,Hoàn thành,Đang cập nhật,40.0,Vietsub,2024,Ý,"Chính kịch, Hình sự",FHD,168.0,8.0,1.0
195,Người Tốt Hay Kẻ Xấu,Đang chiếu,Park Geon Ho,,Vietsub,2024,Hàn Quốc,"Hành động, Tình cảm, Chính kịch, Tâm lý, Hình sự",HD,2136.0,8.0,1.0
196,Yong Soo Jung Dũng Cảm,Đang chiếu,"Lee Min Soo, Kim Mi Sook",30.0,VietSub,2024,Hàn Quốc,"Tình cảm, Hài hước, Chính kịch, Tâm lý",HD,2364.0,8.0,1.0
197,Vì Yêu Dẫn Lối,Đang chiếu,New Siwaj Sawatmaneekul,52.0,Vietsub,2024,Thái Lan,Tâm lý,HD,945.0,8.0,1.0
198,Tòa Thành Thời Gian,Hoàn thành,Chan Ka Lam,45.0,Vietsub,2023,Trung Quốc,"Chính kịch, Tình cảm, Tâm lý",FHD,821.0,8.0,1.0
199,Sự Trả Thù Của Nàng Bạch Tuyết,Đang chiếu,Choi Ji-Young,33.0,Vietsub,2024,Hàn Quốc,"Chính kịch, Gia đình, Tình cảm, Tâm lý",FHD,1478.0,8.0,1.0
200,Lễ Tốt Nghiệp Chúng Mình,Hoàn thành,Chu Lễ Hòa,49.0,Lồng Tiếng,2024,Trung Quốc,"Chính kịch, Tình cảm, Tâm lý",FHD,266.0,8.0,1.0
201,Cuộc Tình Chen Ngang,Hoàn thành,Jules Katanyag,103.0,Vietsub,2022,Philippines,"Phim lẻ, Chính kịch, Lãng mạn, Gây cấn, Phim 18+",HD,428.0,8.0,1.0
202,Tình Thỏa Hiệp,Hoàn thành,Carby Salvador,67.0,Vietsub,2024,Philippines,"Chính kịch, Phim 18+",FHD,331.0,8.0,1.0
203,Mỹ Nhân Thâm Kế,Hoàn thành,Henry King Quitain,46.0,Vietsub,2024,Philippines,"Chính kịch, Phim 18+",FHD,432.0,8.0,1.0
204,Quý Ông Còn Zin,Hoàn thành,Anthony Chan Yau,85.0,Vietsub,1984,Hồng Kông,"Phim lẻ, Phim hài, Chính kịch, Lãng mạn",HD,228.0,8.0,1.0
205,Nữ Hầu Phòng,Hoàn thành,Bobby Bonifacio,47.0,Vietsub,2024,Philippines,"Phim lẻ, Chính kịch, Phim 18+",HD,515.0,8.0,1.0
206,Truy Tìm Quái Thú,Hoàn thành,Ryan Coonan,83.0,Vietsub,2024,Úc,"Phim lẻ, Kinh dị, Bí ẩn",HD,179.0,8.0,1.0
207,Dối Trá,Đang chiếu,Hakan İnan,120.0,VietSub,2024,Thổ Nhĩ Kỳ,"Gia đình, Chính kịch",HD,1869.0,8.0,1.0
208,Tắm Xác,Hoàn thành,Hadrah Daeng Ratu,107.0,Vietsub,2024,Indonesia,"Kinh dị, Chính kịch, Tâm lý",FHD,262.0,8.0,1.0
209,Tận Thế Z: Khởi Nguồn Đại Dịch,Hoàn thành,Carles Torrens,117.0,Vietsub,2024,Tây Ban Nha,"Hành động, Viễn tưởng, Kinh dị",FHD,464.0,8.0,1.0
210,Nỗi Đau Ngủ Yên,Hoàn thành,Adam Cooper,112.0,Vietsub,2024,Âu Mỹ,"Bí ẩn, Tâm lý, Hình sự, Chính kịch",FHD,254.0,8.0,1.0
211,Dịch Vụ Cướp Người Yêu,Đang chiếu,Honda Ryuichi,23.0,Vietsub,2024,Nhật Bản,"Phim bộ, Phim đang chiếu, Hành động, Chính kịch, Kinh dị, Bí ẩn",HD,343.0,8.0,1.0
212,Đồng Minh Bí Mật,Đang chiếu,Honda Ryuichi,23.0,Vietsub,2024,Nhật Bản,"Phim bộ, Phim đang chiếu, Chính kịch, Lãng mạn, Tình cảm",HD,217.0,8.0,1.0
213,Lời Nói Dối Của Em Cũng Dễ Nghe,Hoàn thành,Li Hui Zhu,45.0,VietSub,2024,Trung Quốc,"Tình cảm, Chính kịch, Tâm lý, Gia đình",HD,10351.0,8.0,1.0
214,Vòng Lặp Chết Chóc,Đang chiếu,Nui Suttasit,50.0,Vietsub,2024,Thái Lan,"Phim bộ, Phim đang chiếu, Giả tưởng, Bí ẩn, Tâm lý",HD,333.0,8.0,1.0
215,Người Bán Hàng Cần Mẫn,Đang chiếu,Jo Woong,70.0,VietSub,2024,Hàn Quốc,"Tình cảm, Hài hước, Chính kịch, Tâm lý, Gia đình",HD,1725.0,8.0,1.0
216,Ai Oán Trong Vườn Xuân,Hoàn thành,Ku Born,91.0,Vietsub,2024,Hàn Quốc,Kinh dị,HD,195.0,1.0,1.0
217,Âm Dương Sư 0: Khởi Nguồn,Hoàn thành,Shimako Satō,112.0,Vietsub,2024,Nhật Bản,"Bí ẩn, Cổ trang",HD,1105.0,8.0,1.0
218,Thẩm Phán Từ Địa Ngục,Hoàn thành,Park Jin Pyo,60.0,Vietsub,2024,Hàn Quốc,"Tâm lý, Tình cảm, Chính kịch, Phiêu lưu, Bí ẩn, Viễn tưởng",HD,17154.0,8.0,1.0
219,3 Câu Chuyện Tình,Hoàn thành,"Roman Perez Jr., Omar Deroca, Sigrid Polon",119.0,Vietsub,2024,Philippines,"Chính kịch, Phim 18+",FHD,293.0,8.0,1.0
220,Mảnh Tình Sát Vách,Hoàn thành,Mac Alejandre,107.0,Vietsub,2023,Philippines,"Chính kịch, Phim 18+",FHD,430.0,8.0,1.0
221,Tình Mơ,Hoàn thành,Jon Red,86.0,Vietsub,2024,Philippines,"Chính kịch, Tình cảm, Phim 18+",FHD,500.0,8.0,1.0
222,Trí Tuệ Kép,Hoàn thành,Puri Jagannadh,162.0,Vietsub,2024,Ấn Độ,"Hành động, Khoa học, Viễn tưởng, Tâm lý",FHD,156.0,8.0,1.0
223,Lưỡi Dao Chiến Tranh,Hoàn thành,Nicholas Winter,94.0,Vietsub,2024,Anh,"Chiến tranh, Tâm lý",FHD,122.0,8.0,1.0
224,Thế Giới Ảo Ma,Hoàn thành,Adam Stern,92.0,Vietsub,2024,Canada,"Hành động, Khoa học, Viễn tưởng, Tâm lý",FHD,240.0,8.0,1.0
225,Gia Đạo Trung Nhị,Đang chiếu,Đang cập nhật,7.0,Vietsub,2024,Trung Quốc,"Hài hước, Hoạt hình",FHD,2051.0,8.0,1.0
226,Đố Anh Còng Được Tôi,Sắp chiếu,Ryoo Seung Wan,118.0,VietSub,2024,Hàn Quốc,"Hài hước, Chính kịch, Phiêu lưu, Hành động",HD,3992.0,8.0,1.0
227,Hai Tay Súng Huyền Thoại,Hoàn thành,Justin Lee,91.0,Vietsub,2022,Âu Mỹ,Hành động,HD,128.0,8.0,1.0
228,Ngạo Tửu Giang Hồ,Hoàn thành,Lý Đạt Siêu,45.0,Thuyết Minh,2006,Trung Quốc,"Hành động, Tình cảm, Võ thuật",HD,14964.0,8.0,1.0
229,Mật Ngọt Cấm Kỵ,Đang chiếu,Nuchy Anucha Boonyawatana,60.0,VietSub,2024,Thái Lan,"Tình cảm, Chính kịch, Tâm lý",HD,1263.0,8.0,1.0
230,Men Say Tình Yêu,Đang chiếu,Park Seon Ho,,VietSub,2024,Hàn Quốc,"Hài hước, Chính kịch, Tâm lý, Gia đình",HD,355.0,8.0,1.0
231,Vẫn Mãi Là Em,Hoàn thành,Dream Thanika,85.0,Lồng Tiếng,2021,Thái Lan,"Hài hước, Tình cảm, Tâm lý",FHD,197.0,8.0,1.0
232,Đôi Hai,Hoàn thành,Shashanka Chaturvedi,127.0,Vietsub,2024,Ấn Độ,"Hình sự, Chính kịch, Bí ẩn",HD,156.0,8.0,1.0
233,Sơ Nhan,Đang chiếu,九木,9.0,Vietsub,2024,Trung Quốc,"Chính kịch, Cổ trang",HD,834.0,8.0,1.0
234,Hạnh Phúc Bị Đánh Cắp,Đang chiếu,Nhâm Minh Hiền,60.0,Vietsub,2024,Việt Nam,"Tình cảm, Tâm lý",FHD,819.0,8.0,1.0
235,Thoát Khỏi Xiềng Xích,Hoàn thành,Nikkhil Advani,151.0,Vietsub,2024,Ấn Độ,"Hành động, Chính kịch, Tâm lý",FHD,122.0,8.0,1.0
236,Bầy Rùa Vô Tận,Hoàn thành,Hannah Marks,109.0,Vietsub,2024,Âu Mỹ,"Chính kịch, Tình cảm",FHD,65.0,8.0,1.0
238,Đặc Vụ Vô Hình,Hoàn thành,Anthony Russo,105.0,Vietsub,2022,Âu Mỹ,"Hành động, Phiêu lưu",HD,2424.0,8.0,1.0
240,Đặc Vụ Vô Hình,Hoàn thành,Yi Huang,97.0,Vietsub,2024,Trung Quốc,"Chính kịch, Hình sự, Gây cấn",FHD,316.0,8.0,1.0
241,Chọn Làm Người Một Nhà,Đang chiếu,Kim Seung Ho,70.0,VietSub,2024,Hàn Quốc,"Tình cảm, Hài hước, Chính kịch, Tâm lý, Gia đình",HD,4891.0,9.5,2.0
242,Hẹn Gặp Giáng Sinh Sau,Hoàn thành,Rusty Cundieff,105.0,Vietsub,2024,Âu Mỹ,"Hài hước, Tình cảm, Phim lẻ, Lãng mạn",HD,65.0,8.0,1.0
243,Người Tình Yêu Dấu Của Tôi,Đang chiếu,Aew Ampaiporn Jitmaingong,,Vietsub,2024,Thái Lan,Tình cảm,HD,4170.0,8.0,1.0
244,Tín Hiệu Cầu Cứu,Hoàn thành,Zoë Kravitz,103.0,Vietsub,2024,Âu Mỹ,"Bí ẩn, Phiêu lưu, Hành động, Phim lẻ, Gây cấn",HD,135.0,8.0,1.0
246,Nữ Hoàng Ayodhaya,Đang chiếu,Sant Srikaewlaw,,VietSub,2024,Thái Lan,"Kinh dị, Phiêu lưu, Hành động, Bí ẩn",HD,2086.0,8.0,1.0
247,Mật Mã Đỏ,Sắp chiếu,Jake Kasdan,124.0,Vietsub,2024,Âu Mỹ,"Hành động, Hài hước, Phiêu lưu, Phim hài, Phim lẻ",HD,256.0,8.0,1.0
248,Bí Mật Trang Trại Nho,Hoàn thành,Brande Roderick,100.0,Vietsub,2023,Âu Mỹ,"Phim lẻ, Kinh dị, Gây cấn, Phiêu lưu",HD,102.0,8.0,1.0
249,Đối Mặt,Đang chiếu,Ahn Sang Hoon,70.0,VietSub,2024,Hàn Quốc,"Tình cảm, Chính kịch, Tâm lý, Hình sự, Khoa học, Phim bộ",HD,334.0,8.0,1.0
250,Xuyên Không Cải Mệnh Gia Tộc,Hoàn thành,Jaturong Mokjok,120.0,Vietsub,2024,Thái Lan,"Hài hước, Gia đình, Hành động",HD,1104.0,8.0,1.0
251,Dòng Chảy Thời Gian,Hoàn thành,Rodrigo Prieto,131.0,Vietsub,2024,Mexico,"Chính kịch, Bí ẩn, Tâm lý, Viễn tưởng",FHD,43.0,8.0,1.0
252,10 ngày của một người tò mò,Hoàn thành,Uluç Bayraktar,110.0,Vietsub,2024,Thổ Nhĩ Kỳ,"Hình sự, Chính kịch, Phim lẻ",FHD,46.0,8.0,1.0
253,Hẹn Hò Với Ông Già Tuyết,Hoàn thành,Jose Sierra,98.0,Vietsub,2023,Mexico,"Hài hước, Chính kịch, Phim lẻ",HD,38.0,8.0,1.0
254,Tấn Văn Công Truyền Kỳ (Giấc Mộng Quyền Lực),Hoàn thành,Tiêu Hiển Huy,45.0,Lồng Tiếng,1989,Hồng Kông,"Phim bộ, Lịch sử, Cổ trang",HD,33.0,8.0,1.0
255,Lửa Tình Tựa Băng Giá,Đang chiếu,Intanon Ratanakarn,45.0,Vietsub,2024,Thái Lan,"Chính kịch, Tình cảm, Phim bộ, Lãng mạn",HD,636.0,8.0,1.0
256,Sweetpea,Đang chiếu,Ella Jones,,VietSub,2024,Anh,"Hài hước, Chính kịch, Hành động, Bí ẩn",HD,247.0,8.0,1.0
257,Bác Sĩ Thiên Tài (Bản Thái),Đang chiếu,Off Monthon Arayangkoon,70.0,VietSub,2024,Thái Lan,"Tình cảm, Chính kịch, Tâm lý, Khoa học",HD,922.0,8.0,1.0
258,Bắt Cóc,Đang chiếu,Noom Attaporn Teemarkorn,60.0,VietSub,2024,Thái Lan,"Phiêu lưu, Hành động, Bí ẩn",HD,2860.0,8.0,1.0
259,Yêu Là Phải Thử,Hoàn thành,Oh Kritsada Techanilobon,43.0,Vietsub,2024,Thái Lan,"Phim bộ, Phim đang chiếu, Tâm lý, Tình cảm",HD,625.0,8.0,1.0
260,Đảo Hải Tặc: Phần Về Biển Đông,Hoàn thành,Takashi Otsuka,106.0,Vietsub,2017,Nhật Bản,"Phim lẻ, Hành động, Phiêu lưu, Hoạt hình",HD,31.0,8.0,1.0
261,Đảo Hải Tặc 13: GOLD,Hoàn thành,Hiroaki Miyamoto,120.0,Vietsub,2016,Nhật Bản,"Hành động, Hoạt hình, Phiêu lưu, Hài hước",HD,32.0,8.0,1.0
262,Đảo Hải Tặc 14: Lễ Hội Hải Tặc,Hoàn thành,Takashi Otsuka,101.0,Vietsub,2019,Nhật Bản,"Hành động, Phiêu lưu, Gia đình, Hoạt hình",HD,37.0,8.0,1.0
265,Hắc Bạch Quyết,Đang chiếu,Jack Zhao,45.0,VietSub,2024,Trung Quốc,"Chính kịch, Hành động, Bí ẩn, Hình sự",HD,539.0,8.0,1.0
266,Ông Plankton Phần 1,Hoàn thành,Hong Jong Chan,,VietSub,2024,Hàn Quốc,"Tình cảm, Chính kịch, Phim bộ, Lãng mạn",HD,129.0,8.0,1.0
267,Thất Tiếu,Đang chiếu,Xa Lượng Dật,45.0,VietSub,2024,Trung Quốc,"Tình cảm, Chính kịch, Tâm lý, Phim bộ, Phim đang chiếu, Lãng mạn",HD,138.0,8.0,1.0
268,Kẻ Phản Bội Thân Mật,Đang chiếu,Song Yeon Hwa,,VietSub,2024,Hàn Quốc,"Tình cảm, Chính kịch, Tâm lý, Bí ẩn, Hình sự",HD,2998.0,8.0,1.0
269,Vijay 69,Hoàn thành,Akshay Roy,112.0,Vietsub,2024,Ấn Độ,"Hài hước, Chính kịch",HD,30.0,8.0,1.0
270,Linh Mục Nhiệt Huyết 2,Đang chiếu,Park Bo Ram,35.0,Vietsub,2024,Hàn Quốc,"Hài hước, Hình sự, Chính kịch, Phim bộ, Phim đang chiếu, Gây cấn",HD,61.0,8.0,1.0
271,Góc Khuất Gangnam (Bên lề Gangnam),Đang chiếu,Park Noo Ri,,Vietsub,2024,Hàn Quốc,"Hành động, Tâm lý, Chính kịch, Phiêu lưu, Hình sự, Gây cấn",HD,550.0,8.0,1.0
273,Trầm Hương Như Mộng,Đang chiếu,姜炫亦,13.0,Vietsub,2024,Trung Quốc,"Chính kịch, Cổ trang, Tình cảm, Phim bộ, Lãng mạn",FHD,180.0,8.0,1.0
274,Cô Gái Sống Trong Cơ Thể Tôi,Đang chiếu,Ma Ding,19.0,Vietsub,2024,Trung Quốc,"Chính kịch, Tình cảm, Hài hước, Cổ trang",HD,319.0,8.0,1.0
275,Rèm Ngọc Châu Sa,Đang chiếu,Tạ Trạch,40.0,Vietsub,2024,Trung Quốc,Cổ trang,HD,11682.0,10.0,1.0
276,Mộng Nam Kha,Đang chiếu,Liu Hao Nan,12.0,Vietsub,2024,Trung Quốc,"Phim bộ, Phim đang chiếu, Giả tưởng, Cổ trang, Tình cảm, Chính kịch, Lãng mạn",HD,23.0,8.0,1.0
277,Canh Bạc Ái Tình,Hoàn thành,Meaw Pawanrat Naksuriya,,Vietsub,2024,Thái Lan,"Tình cảm, Tâm lý",HD,4443.0,8.0,1.0
279,Thời Niên Thiếu Của Bao Thanh Thiên 1,Hoàn thành,Hồ Minh Khải,45.0,Lồng Tiếng,2000,Trung Quốc,"Phim bộ, Hình sự, Chính kịch, Cổ trang",HD,9.0,8.0,1.0
280,Trò Chơi Đuổi Bắt W: Nàng Sếp Cậy Quyền Bắt Nạt Đấy Là Người Yêu Cũ Của Tôi,Hoàn thành,Ota Yu,45.0,VietSub,2024,Thái Lan,"Tình cảm, Chính kịch, Tâm lý",HD,9220.0,9.5,2.0
281,Ngược Dòng Thời Gian Để Yêu Anh,Hoàn thành,Đang cập nhật,45.0,VietSub,2018,Thái Lan,"Tình cảm, Tâm lý",HD,96336.0,8.2,11.0
282,Họ Nhân Bản Tyrone,Hoàn thành,Juel Taylor,122.0,Vietsub,2023,Âu Mỹ,"Hài hước, Bí ẩn, Viễn tưởng",HD,326.0,8.0,1.0
283,Cung Tỏa Tâm Ngọc,Hoàn thành,Jiang Guangtao,45.0,VietSub,2011,Trung Quốc,"Tình cảm, Chính kịch, Tâm lý, Cổ trang",HD,1922.0,8.0,1.0
285,Thiên Thần Hủy Diệt 1,Hoàn thành,Wai Lit,92.0,Vietsub,1992,Hồng Kông,Hành động,HD,551.0,8.0,1.0
286,Người Hầu,Hoàn thành,Dae-Woo Kim,124.0,Vietsub,2010,Hàn Quốc,"Tình cảm, Chính kịch",HD,38338.0,8.0,1.0
287,IC 814: Không Tặc Kandahar,Hoàn thành,Anubhav Sinha,40.0,Vietsub,2024,Ấn Độ,Chính kịch,HD,680.0,8.0,1.0
288,Kẻ Hủy Diệt Zero,Hoàn thành,Masashi Kudô,25.0,Vietsub,2024,Nhật Bản,"Phiêu lưu, Hành động, Viễn tưởng, Hoạt hình",HD,1276.0,8.0,1.0
289,Tinh Hoa Muay,Hoàn thành,Robert Grasmere,101.0,Vietsub,2024,Âu Mỹ,Hành động,HD,783.0,8.0,1.0
290,Gấu Brigsby,Hoàn thành,Dave McCary,97.0,Vietsub,2017,Âu Mỹ,"Hài hước, Chính kịch",HD,357.0,8.0,1.0
291,Cô Hầu Phòng ở Manhattan,Hoàn thành,Wayne Wang,105.0,Vietsub,2002,Âu Mỹ,"Hài hước, Chính kịch",HD,459.0,8.0,1.0
292,Bố Là Gấu Bắc Cực,Hoàn thành,Maya Forbes,87.0,Vietsub,2014,Âu Mỹ,"Hài hước, Chính kịch",HD,353.0,8.0,1.0
293,Anh Em Nhà Solomon,Hoàn thành,Bob Odenkirk,93.0,Vietsub,2007,Âu Mỹ,Hài hước,HD,370.0,8.0,1.0
294,Câu Lạc Bộ Vợ Cả,Hoàn thành,Hugh Wilson,102.0,Vietsub,1996,Âu Mỹ,Hài hước,HD,339.0,8.0,1.0
295,Khởi Nguyên Kỳ Diệu,Hoàn thành,Stella Meghie,96.0,Vietsub,2017,Âu Mỹ,Chính kịch,HD,339.0,8.0,1.0
296,Tốc Độ,Hoàn thành,Jan de Bont,116.0,Vietsub,1994,Âu Mỹ,Hành động,HD,541.0,8.0,1.0
297,Tình Nhân Bên Hồ,Hoàn thành,Michael Mayer,98.0,Vietsub,2018,Âu Mỹ,"Hài hước, Chính kịch",HD,457.0,8.0,1.0
298,Trận chiến đồi 400,Hoàn thành,Christopher Ray,87.0,Vietsub,2023,Âu Mỹ,"Hành động, Chiến tranh",HD,807.0,8.0,1.0
300,Khu Vườn Huyền Bí,Hoàn thành,Marc Munden,99.0,Vietsub,2020,Pháp,"Chính kịch, Gia đình",HD,478.0,8.0,1.0
301,Alice Trăng Rằm,Hoàn thành,Zhang Linzi,103.0,Vietsub,2020,Trung Quốc,"Tình cảm, Hài hước",HD,647.0,8.0,1.0
302,Chuyện Tình Của Mary,Hoàn thành,"Peter Farrelly, Bobby Farrelly",119.0,Vietsub,1997,Âu Mỹ,"Tình cảm, Hài hước",HD,552.0,8.0,1.0
303,Rất Muốn Đến Thế Giới Của Em Để Yêu Em,Hoàn thành,Tôn Lâm,94.0,Vietsub,2022,Trung Quốc,"Tình cảm, Chính kịch",HD,774.0,8.0,1.0
304,Nơi Chở Che Cho Con,Hoàn thành,Ron Krauss,101.0,Vietsub,2013,Âu Mỹ,"Chính kịch, Tâm lý",HD,406.0,8.0,1.0
305,Mỗi Ngày Một Thân Xác,Hoàn thành,Michael Sucsy,97.0,Vietsub,2018,Âu Mỹ,Tình cảm,HD,666.0,8.0,1.0
306,Cô Vợ Hờ,Hoàn thành,Dennis Dugan,117.0,Vietsub,2011,Âu Mỹ,"Tình cảm, Hài hước",HD,683.0,8.0,1.0
307,Quyền Lực Ngầm,Hoàn thành,James Gray,118.0,Vietsub,2007,Âu Mỹ,"Chính kịch, Hình sự",HD,591.0,8.0,1.0
309,Địch Nhân Kiệt: Khế Ước Minh Thần,Hoàn thành,Bàng Ánh Hóa,76.0,Vietsub,2022,Trung Quốc,"Chính kịch, Bí ẩn",HD,732.0,8.0,1.0
310,Cứu Rỗi Linh Hồn,Hoàn thành,Lee Daniels,112.0,Vietsub,2024,Âu Mỹ,Kinh dị,HD,695.0,8.0,1.0
311,Lời Tiên Tri Lượng Tử Q18,Đang chiếu,Zero Chou,47.0,Vietsub,2024,Đài Loan,"Viễn tưởng, Khoa học, Bí ẩn",HD,694.0,8.0,1.0
312,Vĩnh Dạ Trường Minh,Hoàn thành,Wu Cheng Feng,45.0,VietSub,2024,Trung Quốc,"Tình cảm, Tâm lý, Phiêu lưu, Cổ trang, Võ thuật",HD,14219.0,8.0,1.0
313,SunsetxVibes: Rung Cảm Hoàng Hôn,Hoàn thành,Puwadon Naosopa,45.0,VietSub,2024,Thái Lan,"Tình cảm, Chính kịch, Tâm lý",HD,16356.0,8.0,1.0
314,Tinh Hà Xán Lạn,Hoàn thành,Phí Chấn Tường,45.0,Vietsub,2022,Trung Quốc,"Tình cảm, Cổ trang",HD,116328.0,7.2,11.0
315,Thần Thoại 2,Hoàn thành,Mã Sở Thành,129.0,Vietsub,2024,Trung Quốc,"Hành động, Phiêu lưu, Chính kịch",HD,2473.0,8.0,1.0
316,Trần Thiên Thiên Trong Lời Đồn,Hoàn thành,Tra Truyền Nghị,45.0,Vietsub,2020,Trung Quốc,"Hài hước, Cổ trang, Viễn tưởng",HD,59586.0,10.0,1.0
319,Đẹp Trai Thấy Sai Sai,Hoàn thành,Nam Dong Hyeop,101.0,Lồng Tiếng,2024,Hàn Quốc,"Hài hước, Kinh dị, Tâm lý, Bí ẩn",HD,10461.0,8.0,1.0
320,Ngọn Lửa,Hoàn thành,Karim Aïnouz,120.0,Vietsub,2024,Âu Mỹ,Chính kịch,HD,419.0,8.0,1.0
322,SUGA: Road to D-DAY,Hoàn thành,Park Jun-soo,81.0,Vietsub,2023,Hàn Quốc,Âm nhạc,HD,699.0,8.0,1.0
323,Biệt Đội Thuốc Lá,Hoàn thành,Quentin Dupieux,80.0,Vietsub,2022,Pháp,Hài hước,HD,397.0,8.0,1.0
324,Nữ Sinh Cuồng Yêu,Hoàn thành,Stasya Tolstaya,96.0,Vietsub,2024,Nga,Phim 18+,HD,3049.0,8.0,1.0
325,Cha Dượng,Hoàn thành,Nelson McCormick,101.0,Vietsub,2009,Âu Mỹ,Kinh dị,HD,664.0,8.0,1.0
326,Nữ Tặc Nhà Giàu,Hoàn thành,Fred Wolf,97.0,Vietsub,2008,Âu Mỹ,Hài hước,HD,537.0,8.0,1.0
327,Sự Khác Biệt,Hoàn thành,Cindy Chupack,100.0,Vietsub,2019,Âu Mỹ,Hài hước,HD,409.0,8.0,1.0
330,Trùng Khởi Chi Cực Hải Thính Lôi,Hoàn thành,ANZI PAN,45.0,Vietsub,2020,Trung Quốc,"Phiêu lưu, Bí ẩn, Viễn tưởng",HD,2550.0,8.0,1.0
331,Giáng Sinh Vùng Quê,Hoàn thành,Maclain Nelson,84.0,Vietsub,2018,Trung Quốc,"Tình cảm, Chính kịch",HD,534.0,8.0,1.0
332,Gai Tình,Đang chiếu,Xi Zi,15.0,Vietsub,2024,Trung Quốc,"Hành động, Cổ trang, Tình cảm",HD,5372.0,8.0,1.0
334,Gió Thổi Bán Hạ (Dã Man Sinh Trưởng),Hoàn thành,"Fu Dong Yu, Mao Wei",46.0,Thuyết Minh,2022,Trung Quốc,"Tâm lý, Gia đình",HD,19734.0,8.0,1.0
339,Bạn Gái Yêu Quái của Tôi,Hoàn thành,Miki Takahiro,35.0,VietSub,2024,Nhật Bản,"Tình cảm, Chính kịch, Tâm lý, Phiêu lưu, Hành động, Viễn tưởng",HD,2906.0,8.0,1.0
340,Trai Bao Ống Nước,Hoàn thành,Topel Lee,118.0,Vietsub,2022,Philippines,"Chính kịch, Phim 18+",HD,2161.0,8.0,1.0
341,Mất Tích 3,Hoàn thành,Jack Bender,45.0,Vietsub,2006,Âu Mỹ,"Chính kịch, Phiêu lưu, Viễn tưởng",HD,1707.0,8.0,1.0
342,Mất Tích 4,Hoàn thành,Jack Bender,45.0,Vietsub,2008,Âu Mỹ,"Chính kịch, Phiêu lưu, Viễn tưởng",HD,1105.0,8.0,1.0
343,Pamali: Làng Tử Thi,Hoàn thành,Bobby Prasetyo,97.0,Vietsub,2023,Indonesia,"Kinh dị, Bí ẩn",HD,1209.0,8.0,1.0
344,Thiên Thần Hủy Diệt 2,Hoàn thành,Tony Lou Chun-Ku,93.0,Vietsub,1992,Hồng Kông,"Chính kịch, Hành động",HD,566.0,8.0,1.0
345,Bạn Cùng Phòng,Hoàn thành,Isao Yukisada,118.0,Vietsub,2010,Nhật Bản,Chính kịch,HD,387.0,8.0,1.0
346,Thỏa Thuận Với Quỷ Dữ,Hoàn thành,Lee Won-tae,116.0,Vietsub,2023,Hàn Quốc,"Chính kịch, Hình sự",HD,1360.0,8.0,1.0
347,Maksym Osa: Vàng Của Người Sói,Hoàn thành,Myroslav Latyk,100.0,Vietsub,2022,Nga,Bí ẩn,HD,454.0,8.0,1.0
348,Asterix Và Obelix: Vương Quốc Trung Cổ,Hoàn thành,Guillaume Canet,112.0,Vietsub,2023,Pháp,"Hài hước, Phiêu lưu, Gia đình",HD,477.0,8.0,1.0
350,Nữ Chiến Binh,Hoàn thành,Dallas King,95.0,Vietsub,2019,Âu Mỹ,"Chính kịch, Hành động, Hình sự",HD,630.0,8.0,1.0
351,Mộc Phủ Phong Vân,Hoàn thành,Vu Vinh Quang,42.0,VietSub,2012,Trung Quốc,"Tình cảm, Chính kịch, Tâm lý, Cổ trang",HD,2251.0,8.0,1.0
352,Người Vợ Thân Quen (Bản Thái),Hoàn thành,Liaw Kittikorn Liawsirikun,60.0,Thuyết Minh,2024,Thái Lan,"Tình cảm, Chính kịch, Tâm lý",HD,4958.0,8.0,1.0
353,Gia Sư,Hoàn thành,Jordan Ross,92.0,Vietsub,2023,Âu Mỹ,Bí ẩn,HD,426.0,8.0,1.0
355,Nữ Sinh Ngoan Hiền,Hoàn thành,Artemio Abad,52.0,Vietsub,2024,Philippines,Phim 18+,HD,2912.0,8.0,1.0
356,Anita: Nữ thần Thụy Điển,Hoàn thành,Torgny Wickman,95.0,Vietsub,1973,Pháp,Phim 18+,HD,2893.0,8.0,1.0
357,Mất Tích 6,Hoàn thành,Jack Bender,45.0,Vietsub,2010,Âu Mỹ,"Chính kịch, Phiêu lưu, Viễn tưởng",HD,1118.0,8.0,1.0
358,Mất Tích 5,Hoàn thành,Jack Bender,45.0,Vietsub,2009,Âu Mỹ,"Chính kịch, Phiêu lưu, Viễn tưởng",HD,1139.0,8.0,1.0
359,Giếng Quỷ,Hoàn thành,Federico Zampaglione,91.0,Vietsub,2024,Ý,Phiêu lưu,HD,435.0,8.0,1.0
361,Nữ Sát Nhân,Hoàn thành,Lucky McKee,102.0,Vietsub,2011,Âu Mỹ,"Chính kịch, Kinh dị",HD,582.0,8.0,1.0
362,Mười Sáu Ngọn Nến,Hoàn thành,John Hughes,93.0,Vietsub,1984,Âu Mỹ,"Tình cảm, Hài hước",HD,467.0,8.0,1.0
363,Hung Bạo,Hoàn thành,Larry Clark,113.0,Vietsub,2001,Âu Mỹ,"Chính kịch, Hình sự",HD,485.0,8.0,1.0
364,Chiến Thần Tam Giới,Hoàn thành,Nag Ashwin,176.0,Vietsub,2024,Ấn Độ,"Chính kịch, Hành động, Viễn tưởng",HD,1065.0,8.0,1.0
365,Nhà Nghỉ Bates 4,Hoàn thành,Tucker Gates,45.0,Vietsub,2016,Âu Mỹ,"Chính kịch, Kinh dị, Bí ẩn",HD,924.0,8.0,1.0
366,Biệt Đội Săn Mồi,Hoàn thành,M. J. Bassett,106.0,Vietsub,2020,Âu Mỹ,"Phiêu lưu, Hành động",HD,672.0,8.0,1.0
367,Bùa Hình Nhân,Hoàn thành,Phontharis Chotkijsadarsopon,107.0,Vietsub,2023,Thái Lan,Kinh dị,HD,995.0,8.0,1.0
369,Chuyện Rùng Rợn Ở Amityville,Hoàn thành,Andrew Douglas,90.0,Vietsub,2005,Âu Mỹ,Kinh dị,HD,730.0,8.0,1.0
370,Trận Chiến Cảng Arthur,Hoàn thành,Toshio Masuda,185.0,Vietsub,1980,Nhật Bản,"Chính kịch, Chiến tranh",HD,404.0,8.0,1.0
372,Thiết Huyết Nam Nhi,Hoàn thành,Trang Vĩ Kiện,45.0,Vietsub,1991,Hồng Kông,"Hành động, Hình sự",HD,1099.0,8.0,1.0
373,Mission of the Warriors,Hoàn thành,"Mộng Kế, Vương Dĩ",45.0,Vietsub,2001,Trung Quốc,"Cổ trang, Võ thuật",HD,1088.0,8.0,1.0
374,Bắc Đẩu Song Hùng,Hoàn thành,Lý Đình Luân,45.0,Vietsub,1983,Hồng Kông,"Tình cảm, Tâm lý",HD,1178.0,8.0,1.0
378,Dọc Đường Gió Bụi,Hoàn thành,James Mangold,136.0,Vietsub,2005,Âu Mỹ,"Chính kịch, Âm nhạc",HD,326.0,8.0,1.0
379,Anh Giai Nằm Vùng,Hoàn thành,Malcolm D. Lee,86.0,Vietsub,2002,Âu Mỹ,"Hài hước, Hành động",HD,506.0,8.0,1.0
380,Ký Ức Tuổi Thơ,Hoàn thành,Nick Cheuk,95.0,Vietsub,2023,Hồng Kông,Chính kịch,HD,1393.0,8.0,1.0
382,John Adams,Hoàn thành,Tom Hooper,60.0,Vietsub,2008,Âu Mỹ,Chính kịch,HD,614.0,8.0,1.0
383,Gặp Em Ở Manhattan,Hoàn thành,Lý Cự Nguyên,103.0,Thuyết Minh,2017,Trung Quốc,Tâm lý,HD,1816.0,8.0,1.0
384,Cớm Bẩn,Hoàn thành,Chris Fisher,97.0,Vietsub,2006,Âu Mỹ,"Chính kịch, Hình sự",HD,436.0,8.0,1.0
385,Giáng Sinh Của Carol,Hoàn thành,Michael M. Scott,84.0,Vietsub,2012,Canada,"Tâm lý, Gia đình",HD,351.0,8.0,1.0
386,Yêu Nữ Rắn Đen,Hoàn thành,Joe D'Amato,97.0,Vietsub,1976,Ý,"Chính kịch, Kinh dị",HD,469.0,8.0,1.0
391,Khu Rừng Tuổi Thơ,Hoàn thành,Yim Soon-rye,99.0,Thuyết Minh,2018,Hàn Quốc,"Tâm lý, Gia đình",HD,729.0,8.0,1.0
392,Cặp Đôi Hoàn Hảo 1,Hoàn thành,Susanne Bier,45.0,Vietsub,2024,Âu Mỹ,"Chính kịch, Hình sự",HD,815.0,8.0,1.0
394,Dhevaprom: Poncheewan,Hoàn thành,King Somching Srisupap,45.0,VietSub,2024,Thái Lan,"Tình cảm, Chính kịch, Tâm lý",HD,2949.0,8.0,1.0
395,Vương Hậu Margot,Hoàn thành,Patrice Chéreau,138.0,Vietsub,1994,Pháp,Chính kịch,HD,314.0,8.0,1.0
396,Ác Quỷ Sàn Catwalk,Hoàn thành,Nicolas Winding Refn,106.0,Vietsub,2016,Âu Mỹ,Tâm lý,HD,1872.0,8.0,1.0
397,Dìdi,Hoàn thành,Sean Wang,94.0,Vietsub,2024,Âu Mỹ,"Hài hước, Chính kịch",HD,355.0,8.0,1.0
398,Chú Chó Đeo Giày Marcel,Hoàn thành,Dean Fleischer-Camp,90.0,Vietsub,2022,Âu Mỹ,"Hài hước, Chính kịch, Phiêu lưu, Gia đình",HD,282.0,8.0,1.0
400,Mẹ Tôi Là Rocker,Hoàn thành,Jonathan Demme,100.0,Vietsub,2015,Âu Mỹ,"Hài hước, Chính kịch, Âm nhạc",HD,329.0,8.0,1.0
403,Nghi Phạm Số 0,Hoàn thành,E. Elias Merhige,99.0,Vietsub,2004,Âu Mỹ,Hình sự,HD,578.0,8.0,1.0
405,Nữ Hiệp Xuất Sắc,Đang chiếu,杨泰,15.0,Vietsub,2024,Trung Quốc,"Chính kịch, Tình cảm, Tâm lý, Cổ trang",HD,2250.0,8.0,1.0
406,Ác Linh Trong Xác Mẹ,Hoàn thành,Hadrah Daeng Ratu,96.0,Vietsub,2024,Indonesia,"Kinh dị, Chính kịch",HD,3402.0,8.0,1.0
408,Di Tản An Toàn Từ Thế Kỷ 21,Hoàn thành,Li Yang,98.0,Vietsub,2024,Trung Quốc,"Hài hước, Viễn tưởng",HD,543.0,8.0,1.0
409,Cô Nương Ham Tiền,Hoàn thành,Li Tian,45.0,VietSub,2024,Trung Quốc,"Tình cảm, Hài hước, Chính kịch, Tâm lý, Cổ trang",HD,4547.0,8.0,1.0
410,Đả Nữ Báo Thù,Hoàn thành,오승욱,114.0,Vietsub,2024,Hàn Quốc,Hình sự,CAM,3555.0,8.0,1.0
411,Cuồng Phong,Hoàn thành,Từ Kỷ Châu,46.0,Vietsub,2023,Trung Quốc,"Hành động, Tâm lý, Hình sự, Phiêu lưu",FHD,142565.0,6.0,2.0
412,Tứ Phương Quán,Hoàn thành,Zhao Qi Chen,45.0,Thuyết Minh,2024,Trung Quốc,"Tình cảm, Hài hước, Chính kịch, Tâm lý, Cổ trang",HD,12039.0,8.0,1.0
415,Vén Màn Tội Ác,Hoàn thành,Kim Sung Yong,60.0,Thuyết Minh,2021,Hàn Quốc,"Hành động, Tâm lý, Hình sự, Phiêu lưu",HD,21739.0,8.0,1.0
416,Liễu Chu Ký (Kiều Tàng),Hoàn thành,"Lưu Quốc Nam, Tùng Hiểu",45.0,Thuyết Minh,2024,Trung Quốc,"Tình cảm, Chính kịch, Cổ trang",HD,135706.0,10.0,1.0
418,Vua Học Đường,Hoàn thành,Yoo Je Won,65.0,Thuyết Minh,2014,Hàn Quốc,"Tình cảm, Tâm lý, Gia đình, Học đường",HD,22976.0,8.0,1.0
421,Long Châu Truyền Kỳ,Hoàn thành,"Chu Thiểu Kiệt, Chu Viễn Chu",35.0,Thuyết Minh,2017,Trung Quốc,"Cổ trang, Võ thuật",HD,147311.0,8.5,2.0
424,Bộ Bộ Kinh Tâm,Hoàn thành,Lý Quốc Lập,49.0,Vietsub,2015,Trung Quốc,Cổ trang,HD,22531.0,8.0,1.0
427,Kẻ Sát Nhân: Đứa Trẻ Có Thể Chết,Hoàn thành,Choi Jae-hoon,95.0,Vietsub,2022,Hàn Quốc,"Hành động, Hình sự, Bí ẩn",HD,3435.0,8.0,1.0
428,Cho Đến Khi Tôi Phá Hủy Gia Đình Của Chồng,Đang chiếu,"Muroi Takehito, Yoshida Taizo, Ueda Jin",49.0,Vietsub,2024,Nhật Bản,"Chính kịch, Tình cảm, Tâm lý, Gia đình",HD,2155.0,8.0,1.0
429,Hoàng Hậu Woo,Hoàn thành,Jung Se Kyo,,Vietsub,2024,Hàn Quốc,"Cổ trang, Tình cảm, Chính kịch, Tâm lý",HD,7484.0,8.0,1.0
430,Phàm Nhân Ca,Đang chiếu,Jian Chuan He,45.0,VietSub,2024,Trung Quốc,"Tình cảm, Chính kịch, Tâm lý, Gia đình",HD,3074.0,8.0,1.0
431,Khi Ngón Tay Anh Chạm Vào Hơi Ấm Của Em,Hoàn thành,Yang Kyung Hee,60.0,VietSub,2024,Hàn Quốc,"Tình cảm, Tâm lý, Gia đình, Học đường",HD,1832.0,8.0,1.0
433,Ông Bố Đối Đầu,Hoàn thành,표민수,66.0,Thuyết Minh,2024,Hàn Quốc,Hình sự,HD,12179.0,8.0,1.0
434,Mặt Trời Của Chàng Joo,Hoàn thành,Jin Hyeok,30.0,VietSub,2013,Hàn Quốc,"Hài hước, Tâm lý, Kinh dị",HD,16646.0,8.0,1.0
435,Chuyện Tình Trớ Trêu,Hoàn thành,Topel Lee,101.0,Vietsub,2023,Philippines,Chính kịch,HD,6770.0,8.0,1.0
437,Những Người Thừa Kế,Hoàn thành,"Kang Shin Hyo, Boo Sung Chul",60.0,VietSub,2013,Hàn Quốc,"Hài hước, Tâm lý, Tình cảm, Chính kịch, Gia đình",HD,50685.0,8.0,1.0
438,Chạy Đâu Cho Thoát,Hoàn thành,Liu Ren Zhi,59.0,Vietsub,2014,Hàn Quốc,"Tình cảm, Tâm lý",HD,11797.0,8.0,1.0
440,Yêu Từng Centimet,Hoàn thành,Phan Việt,45.0,Thuyết Minh,2020,Trung Quốc,"Tình cảm, Tâm lý",HD,37341.0,8.0,1.0
442,Cô Nàng Đẹp Trai,Hoàn thành,Hong Sung Chang,60.0,Vietsub,2009,Hàn Quốc,"Tình cảm, Hài hước, Chính kịch, Tâm lý",HD,18066.0,8.0,1.0
443,Lương Tâm Kẻ Bắt Cóc (Ngày Bắt Cóc),Hoàn thành,Park Yoo Young,,VietSub,2023,Hàn Quốc,"Tình cảm, Chính kịch, Tâm lý, Bí ẩn, Hình sự",HD,21982.0,8.0,1.0
444,Gia Tài Của Ngoại,Hoàn thành,Pat Boonnitipat,127.0,VietSub,2024,Thái Lan,"Tình cảm, Chính kịch, Tâm lý, Gia đình",HD,4621.0,8.0,1.0
453,Xấu Xí,Hoàn thành,McG,100.0,VietSub,2024,Âu Mỹ,"Tình cảm, Hài hước, Chính kịch, Tâm lý, Viễn tưởng, Khoa học",HD,598.0,8.0,1.0
454,Chàng Nữ Phi Công,Hoàn thành,Kim Han Gyul,111.0,VietSub,2024,Hàn Quốc,"Hài hước, Tình cảm, Tâm lý, Phiêu lưu",HD,2620.0,8.0,1.0
456,Nữ Hoàng Nước Mắt,Hoàn thành,"Jang Young Woo, Kim Hee Won",45.0,Thuyết Minh,2024,Hàn Quốc,"Tình cảm, Hài hước, Tâm lý, Gia đình",HD,218993.0,8.0,3.0
457,Avatar 2: Dòng Chảy Của Nước,Hoàn thành,James Cameron,120.0,Vietsub,2022,Âu Mỹ,"Hành động, Phiêu lưu",FHD,22292.0,8.0,1.0
458,Khu Vườn Hoàng Kim,Hoàn thành,Lee Dae Young,34.0,Lồng Tiếng,2019,Hàn Quốc,Tình cảm,HD,23078.0,8.0,1.0
459,Người Chưa Từng Sai,Hoàn thành,Boonyathorn Kitiphattakon,45.0,Thuyết Minh,2024,Thái Lan,"Tình cảm, Tâm lý",HD,2590.0,8.0,1.0
460,Tình Yêu Trở Về Mái Ấm,Đang chiếu,Kim Da Ye,70.0,VietSub,2024,Hàn Quốc,"Tình cảm, Chính kịch, Tâm lý, Gia đình",HD,4305.0,8.0,1.0
462,Niên Sử Ký Arthdal: Thanh Gươm Của Aramun,Hoàn thành,Kim Kwang Shik,,VietSub,2023,Hàn Quốc,"Tình cảm, Chính kịch, Tâm lý, Hành động, Cổ trang",HD,15633.0,10.0,2.0
463,Doona!,Hoàn thành,Lee Jeong Hyo,,VietSub,2023,Hàn Quốc,"Tình cảm, Tâm lý",HD,47861.0,10.0,2.0
464,Trung học trong trắng,Hoàn thành,"Yuka Yasukawa, Ryō Ōta",52.0,Vietsub,2024,Nhật Bản,Chính kịch,HD,540.0,8.0,1.0
466,Thiên Thần Nhân Gian,Hoàn thành,Jon Gunn,118.0,Vietsub,2024,Âu Mỹ,Chính kịch,HD,308.0,8.0,1.0
467,Tay đấm Ba Lan,Hoàn thành,Mitja Okorn,150.0,Vietsub,2024,Ba Lan,Chính kịch,HD,238.0,8.0,1.0
468,Bí mật giới thể thao: Hope Solo vs. Liên đoàn bóng đá Mỹ,Hoàn thành,Nina Meredith,73.0,Vietsub,2024,Âu Mỹ,Tài liệu,HD,268.0,8.0,1.0
469,Apollo 13: Sống sót,Hoàn thành,Pete Middleton,98.0,Vietsub,2024,Anh,Tài liệu,HD,291.0,8.0,1.0
471,Lão Già Gân,Hoàn thành,"Jonathan E Steinberg, Robert Levine",60.0,Vietsub,2022,Âu Mỹ,"Hành động, Hình sự",HD,5525.0,8.0,1.0
472,Tạm Biệt Lũ Ngốc,Hoàn thành,Albert Dupontel,87.0,Vietsub,2020,Pháp,"Hài hước, Chính kịch",HD,247.0,8.0,1.0
473,Vũ Nữ Thoát Y,Hoàn thành,Lorene Scafaria,110.0,Vietsub,2019,Âu Mỹ,"Hài hước, Chính kịch, Hình sự",HD,521.0,8.0,1.0
474,Sát Thủ Mozu,Hoàn thành,羽住英一郎,116.0,Vietsub,2015,Nhật Bản,Hình sự,HD,447.0,8.0,1.0
475,Dịch Vụ Ca Đêm,Hoàn thành,Ron Howard,106.0,Vietsub,1982,Âu Mỹ,Hài hước,HD,282.0,8.0,1.0
476,Henri,Hoàn thành,Octavian O.,89.0,Vietsub,2017,Âu Mỹ,"Chính kịch, Hành động",HD,392.0,8.0,1.0
477,Nửa Đêm Tại Pera Palace,Hoàn thành,Elif Usman,45.0,Vietsub,2022,Thổ Nhĩ Kỳ,"Chính kịch, Bí ẩn, Hình sự",HD,553.0,8.0,1.0
478,Nửa Đêm Tại Pera Palace 2,Hoàn thành,Elif Usman,,Vietsub,2024,Thổ Nhĩ Kỳ,"Chính kịch, Bí ẩn, Hình sự",HD,557.0,8.0,1.0
479,Bí Mật Giới Thể Thao: Vụ Sát Hại Air McNair,Hoàn thành,"Taylor Alexander Ward, Rodney Lucas",58.0,Vietsub,2024,Âu Mỹ,"Hình sự, Tài liệu",HD,278.0,8.0,1.0
480,Tây Thi Tân Truyện,Hoàn thành,Dai Yilin,105.0,Vietsub,2024,Trung Quốc,"Tình cảm, Bí ẩn",HD,701.0,8.0,1.0
481,Tham Vọng Hôn Nhân,Hoàn thành,Kim Jung Min,60.0,VietSub,2022,Hàn Quốc,"Chính kịch, Tình cảm, Tâm lý, Phiêu lưu, Gia đình",HD,10864.0,8.0,1.0
482,Phẩm Chất Quý Cô,Hoàn thành,"Jun Ji-hyun, Kwon Young-il",70.0,Thuyết Minh,2019,Hàn Quốc,"Tình cảm, Tâm lý",HD,43657.0,9.7,3.0
483,Trường An Bí Văn Lục: Nhiếp Ẩn Nương,Hoàn thành,Vương Dĩnh,85.0,Vietsub,2024,Trung Quốc,"Hành động, Cổ trang",HD,791.0,8.0,1.0
484,Chó Săn Chiến Tranh,Hoàn thành,Isaac Florentine,94.0,Vietsub,2024,Âu Mỹ,"Hành động, Hình sự",HD,1136.0,8.0,1.0
485,Kẻ Mù,Sắp chiếu,Andrew Hyatt,110.0,Vietsub,2023,Âu Mỹ,Chính kịch,HD,582.0,8.0,1.0
486,Vũ Thành,Hoàn thành,Tunku Mona Riza,115.0,Vietsub,2023,Malaysia,Chính kịch,HD,297.0,8.0,1.0
487,Vũ Nữ Thoát Y,Hoàn thành,Albert Langitan,90.0,Vietsub,2023,Philippines,"Chính kịch, Phim 18+",HD,7969.0,8.0,1.0
489,Wentworth,Hoàn thành,Kevin Carlin,45.0,Vietsub,2013,Úc,"Chính kịch, Hình sự",HD,741.0,8.0,1.0
490,Wentworth 2,Hoàn thành,Kevin Carlin,45.0,Vietsub,2014,Úc,"Chính kịch, Hình sự",HD,736.0,8.0,1.0
491,Wentworth 3,Hoàn thành,Kevin Carlin,45.0,Vietsub,2015,Úc,"Chính kịch, Hình sự",HD,746.0,8.0,1.0
492,Wentworth 4,Hoàn thành,Kevin Carlin,45.0,Vietsub,2016,Úc,"Chính kịch, Hình sự",HD,736.0,8.0,1.0
494,Trang Trại Vô Lo,Hoàn thành,Bartosz Prokopowicz,111.0,Vietsub,2024,Ba Lan,"Tình cảm, Hài hước",HD,277.0,8.0,1.0
495,Gia Đình Hoàn Hảo,Hoàn thành,Yukisada Isao,70.0,VietSub,2024,Hàn Quốc,"Tình cảm, Chính kịch, Tâm lý, Phiêu lưu, Gia đình",HD,8221.0,8.0,1.0
496,Thiếu Gia Giả Nghèo 2,Hoàn thành,Bruno Garotti,89.0,Vietsub,2023,Brazil,"Tình cảm, Hài hước",HD,471.0,8.0,1.0
497,Tình Yêu Đã Lãng Quên,Hoàn thành,Michał Gazda,140.0,Vietsub,2023,Ba Lan,"Tình cảm, Chính kịch",HD,290.0,8.0,1.0
498,Tân Olympus,Hoàn thành,Ferzan Özpetek,112.0,Vietsub,2023,Ý,"Tình cảm, Chính kịch",HD,333.0,8.0,1.0
499,Tải Trọng Tối Đa,Hoàn thành,Tomás Portella,100.0,Vietsub,2023,Brazil,"Chính kịch, Hành động",HD,521.0,8.0,1.0
500,Thương Lan Quyết,Hoàn thành,Yi Zheng,40.0,VietSub,2022,Trung Quốc,"Tình cảm, Cổ trang",HD,112004.0,9.5,11.0
501,Nàng Công Chúa Ở Thung Lũng Gió,Hoàn thành,宮崎駿,117.0,Vietsub,1984,Nhật Bản,"Phiêu lưu, Viễn tưởng",HD,452.0,8.0,1.0
502,Ngọn Đồi Hoa Hồng Anh,Hoàn thành,宮崎吾朗,91.0,Vietsub,2011,Nhật Bản,Chính kịch,HD,504.0,8.0,1.0
503,Ellie Si Tình,Sắp chiếu,三木康一郎,108.0,Vietsub,2024,Nhật Bản,"Tình cảm, Hài hước, Tâm lý",HD,992.0,8.0,1.0
504,Gió Nổi,Hoàn thành,宮崎駿,126.0,Vietsub,2013,Nhật Bản,"Tình cảm, Chính kịch, Chiến tranh",HD,759.0,8.0,1.0
505,Cộng Sự Hoàn Hảo,Hoàn thành,Kim Ga Ram,,VietSub,2024,Hàn Quốc,"Chính kịch, Tình cảm, Tâm lý",HD,18305.0,8.0,1.0
506,Loài Mèo Trả Ơn,Hoàn thành,森田宏幸,75.0,Vietsub,2002,Nhật Bản,"Chính kịch, Phiêu lưu, Gia đình, Viễn tưởng",HD,330.0,8.0,1.0
507,Chỉ Còn Ngày Hôm Qua,Hoàn thành,高畑勲,119.0,Vietsub,1991,Nhật Bản,"Tình cảm, Chính kịch",HD,428.0,8.0,1.0
508,Dịch Vụ Giao Hàng Kiki,Hoàn thành,宮崎駿,103.0,Vietsub,1989,Nhật Bản,"Gia đình, Viễn tưởng",HD,390.0,8.0,1.0
509,Cuộc Chiến Gấu Trúc,Hoàn thành,高畑勲,119.0,Vietsub,1994,Nhật Bản,"Phiêu lưu, Viễn tưởng",HD,250.0,8.0,1.0
510,Cô Bé Người Cá Ponyo,Hoàn thành,宮崎駿,100.0,Vietsub,2008,Nhật Bản,"Gia đình, Viễn tưởng",HD,463.0,8.0,1.0
511,Rodeo Rock,Hoàn thành,Marcelo Antunez,109.0,Vietsub,2023,Brazil,"Tình cảm, Hài hước, Âm nhạc",HD,330.0,8.0,1.0
512,Phòng khám thất tình,Hoàn thành,Shirel Peleg,96.0,Vietsub,2024,Đức,"Tình cảm, Hài hước, Chính kịch",HD,293.0,8.0,1.0
513,Punjab Hoang Dã,Hoàn thành,Simarpreet Singh,111.0,Vietsub,2024,Ấn Độ,"Hài hước, Phiêu lưu",HD,261.0,8.0,1.0
514,Ngộ Không Đại Náo Sư Đà Lĩnh,Hoàn thành,郭玉龙,74.0,Vietsub,2024,Trung Quốc,"Chính kịch, Hành động, Viễn tưởng",HD,642.0,8.0,1.0
515,Bí Ẩn Tại Hồ Bơi,Hoàn thành,Sophon Sakdaphisit,115.0,Vietsub,2014,Thái Lan,"Chính kịch, Kinh dị",HD,699.0,8.0,1.0
516,Vận Mệnh Hai Ta,Hoàn thành,Catherine Camarillo,133.0,Vietsub,2024,Philippines,"Tình cảm, Chính kịch",HD,386.0,8.0,1.0
517,Mình Yêu Nhau Đi,Hoàn thành,Prueksa Amaruji,100.0,Vietsub,2022,Thái Lan,"Tình cảm, Hài hước",HD,484.0,8.0,1.0
519,Khoảng Trời Bí Mật (Khoảng Trời Của Riêng Em),Hoàn thành,Aun Kornpoj Suebchompoo,60.0,Vietsub,2024,Thái Lan,Tình cảm,HD,2902.0,8.0,1.0
520,Vùng Đất Hạnh Phúc,Hoàn thành,Choo Chang Min,124.0,Vietsub,2024,Hàn Quốc,"Tâm lý, Chính kịch",HD,1215.0,8.0,1.0
522,Độ Thanh Hoan,Hoàn thành,He Jia Nan,,Vietsub,2024,Trung Quốc,"Tình cảm, Chính kịch, Tâm lý, Phiêu lưu, Hành động",HD,6271.0,8.0,1.0
523,Những chú chó nghĩ gì,Hoàn thành,Andy Mitchell,75.0,Vietsub,2024,Âu Mỹ,Tài liệu,HD,219.0,8.0,1.0
524,Polis Evo 3,Hoàn thành,Syafiq Yusof,110.0,Vietsub,2023,Malaysia,"Hài hước, Tâm lý, Hành động, Hình sự",HD,496.0,8.0,1.0
525,Những kẻ xấu xa: Một Giáng sinh rất xấu xa,Hoàn thành,Bret Haaland,22.0,Vietsub,2023,Âu Mỹ,"Hài hước, Gia đình, Hành động",HD,420.0,8.0,1.0
526,Người Bảo Vệ Loài Bướm Chúa,Hoàn thành,Emiliano Ruprah de Fina,92.0,Vietsub,2024,Tây Ban Nha,Tài liệu,HD,195.0,8.0,1.0
527,Tẩu Sơn Nhân Kỳ Đàm,Hoàn thành,"Zhao Ruiyong, Yuan Guangan",74.0,Vietsub,2024,Trung Quốc,"Tâm lý, Bí ẩn",HD,536.0,8.0,1.0
529,Wrongful Death,Hoàn thành,Vjekoslav Katušin,86.0,Vietsub,2023,Đức,"Tâm lý, Bí ẩn",HD,488.0,8.0,1.0
530,Một Ngày Nào Đó Chúng Ta Sẽ Kể Cho Nhau Mọi Điều,Hoàn thành,Emily Atef,129.0,Vietsub,2023,Đức,Chính kịch,HD,412.0,8.0,1.0
531,Cuộc Hôn Nhân Ngọt Ngào Với Thiếu Chủ Cực Cưng Chiều,Đang chiếu,Kuwajima Kenji,24.0,VietSub,2024,Nhật Bản,"Tình cảm, Hài hước, Tâm lý",HD,1362.0,8.0,1.0
532,Thành Thời Gian,Hoàn thành,Chan Ka Lam,45.0,VietSub,2023,Trung Quốc,"Chính kịch, Tình cảm, Tâm lý",HD,8425.0,8.0,1.0
533,Thanh Xuân Đón Gió,Hoàn thành,Xing Jian Jun,,VietSub,2024,Trung Quốc,"Tình cảm, Chính kịch, Tâm lý, Gia đình",HD,4905.0,8.0,1.0
534,Nữ Hộ Vệ Xinh Đẹp Thủy Thủ Mặt Trăng: Vĩnh Hằng,Hoàn thành,Hiroshi Watanabe,81.0,Vietsub,2021,Nhật Bản,"Hành động, Hoạt hình",HD,369.0,8.0,1.0
535,Nữ Hộ Vệ Xinh Đẹp Thủy Thủ Mặt Trăng: Vĩnh Hằng 2,Hoàn thành,Chiaki Kon,80.0,Vietsub,2021,Nhật Bản,"Hành động, Hoạt hình",HD,400.0,8.0,1.0
536,Rồng Đen: Võ Đài Sinh Tử,Hoàn thành,John R. Leonetti,95.0,Vietsub,1997,Âu Mỹ,"Hành động, Viễn tưởng",HD,470.0,8.0,1.0
537,Hai Gã Bịp Bợm,Hoàn thành,Frank Oz,110.0,Vietsub,1988,Âu Mỹ,"Hài hước, Hình sự",HD,376.0,8.0,1.0
538,Quan Huyện Trịnh Bản Kiều,Hoàn thành,"Dương Trí Khiêm, Hà Chấn Hoa",45.0,Vietsub,2017,Trung Quốc,"Tâm lý, Cổ trang",HD,902.0,8.0,1.0
540,Ninja Rùa Trỗi Dậy: Bản Điện Ảnh,Hoàn thành,"Andy Suriano, Ant Ward",86.0,Vietsub,2022,Âu Mỹ,"Hành động, Viễn tưởng",HD,344.0,8.0,1.0
541,Elize Matsunaga: Tội ác ở Sao Paulo,Hoàn thành,Eliza Capai,50.0,Vietsub,2021,Brazil,"Hình sự, Tài liệu",HD,467.0,8.0,1.0
542,Mĩ Nữ và Quý Ngài Lãng Mạn,Hoàn thành,Hong Seok-ku,,VietSub,2024,Hàn Quốc,"Gia đình, Chính kịch",HD,17359.0,8.0,1.0
546,Màn Thứ Hai,Hoàn thành,Quentin Dupieux,85.0,Vietsub,2024,Pháp,Hài hước,HD,186.0,8.0,1.0
547,Nơi Tình Yêu Kết Thúc,Hoàn thành,Justin Baldoni,131.0,Vietsub,2024,Âu Mỹ,"Tình cảm, Chính kịch",HD,525.0,8.0,1.0
549,Chiến Cơ Cảnh Giới,Hoàn thành,Nobuyoshi Habara,24.0,Vietsub,2021,Nhật Bản,Viễn tưởng,HD,489.0,8.0,1.0
550,Tạng Hải Hoa,Hoàn thành,Han Qing,45.0,VietSub,2024,Trung Quốc,"Tình cảm, Chính kịch, Tâm lý, Phiêu lưu, Hành động",HD,7818.0,8.0,1.0
551,Masameer County,Hoàn thành,Malik Nejer,21.0,Vietsub,2021,Ả Rập Xê Út,Hài hước,HD,303.0,8.0,1.0
552,Masameer County 2,Hoàn thành,Malik Nejer,38.0,Vietsub,2023,Ả Rập Xê Út,Hài hước,HD,295.0,8.0,1.0
553,Tự Cổ Anh Hùng Xuất Thiếu Niên,Hoàn thành,Tần Tần,46.0,Vietsub,2012,Trung Quốc,Hành động,HD,1239.0,8.0,1.0
554,Tôn Ngộ Không Đại Náo Sư Đà Lĩnh,Hoàn thành,Guo Yulong,74.0,VietSub,2024,Trung Quốc,"Chính kịch, Phiêu lưu, Hành động, Võ thuật, Viễn tưởng",HD,876.0,8.0,1.0
555,Khởi Đầu Của Biển Cả,Hoàn thành,"Hiroki Kazama, Mai Takano",45.0,VietSub,2024,Nhật Bản,"Gia đình, Chính kịch",HD,2841.0,8.0,1.0
556,Hãy Cho Tôi Thấy Bạn Là Ai,Hoàn thành,Chiang Ping Chen,45.0,Vietsub,2024,Đài Loan,"Tình cảm, Tâm lý",HD,603.0,8.0,1.0
560,Ly Hôn,Hoàn thành,"Michał Chaciński, Radosław Drabik",91.0,Vietsub,2024,Ba Lan,"Hài hước, Chính kịch",HD,235.0,8.0,1.0
561,Chúng ta từng là vua,Hoàn thành,"Mauricio Lule, Pepé Valle",37.0,Vietsub,2024,Mexico,"Chính kịch, Hình sự",HD,419.0,8.0,1.0
563,Sweet Home: Thế Giới Ma Quái,Hoàn thành,Lee Eung Bok,50.0,Vietsub,2020,Hàn Quốc,"Hành động, Phiêu lưu, Kinh dị",HD,23546.0,8.0,1.0
564,Trục Tâm,Hoàn thành,Ge Wenzhe,13.0,Vietsub,2024,Trung Quốc,Chính kịch,HD,2895.0,8.0,1.0
565,Hà Bách Tế,Hoàn thành,Sun Jia Yang,45.0,VietSub,2024,Trung Quốc,"Tình cảm, Chính kịch, Tâm lý, Bí ẩn, Cổ trang",HD,6256.0,8.0,1.0
569,Dị thường: Buas,Hoàn thành,Azhari Mohd Zain,90.0,Vietsub,2024,Malaysia,"Kinh dị, Tâm lý, Hành động, Hình sự",HD,542.0,8.0,1.0
571,Mỗ Mỗ: Người Là Duy Nhất,Hoàn thành,Liu Guang Hui,45.0,VietSub,2024,Đài Loan,"Tình cảm, Chính kịch, Tâm lý",HD,5436.0,8.0,1.0
572,Captivity,Hoàn thành,Roland Joffé,84.0,Vietsub,2007,Âu Mỹ,"Hình sự, Kinh dị, Bí ẩn",HD,3233.0,10.0,1.0
573,Hội Sát Nhân Đọc Sách,Hoàn thành,Carlos Alonso-Ojea,89.0,Vietsub,2023,Tây Ban Nha,Kinh dị,HD,2747.0,8.0,1.0
574,Vụng Trộm,Hoàn thành,Bobby Bonifacio,60.0,Vietsub,2024,Philippines,"Tình cảm, Chính kịch, Tâm lý, Phim 18+",HD,3471.0,8.0,1.0
576,Bảy Viên Ngọc Rồng Z: Chúa Tể Ốc Sên,Hoàn thành,Mitsuo Hashimoto,52.0,Vietsub,1991,Nhật Bản,"Hành động, Viễn tưởng, Hoạt hình",HD,564.0,8.0,1.0
577,Nạn nhân vô hình: Vụ án Eliza Samudio,Hoàn thành,Juliana Antunes,101.0,Vietsub,2024,Brazil,"Hình sự, Tài liệu",HD,349.0,8.0,1.0
578,Khát Vọng Thượng Lưu,Hoàn thành,Choi Eun-gyung,70.0,Vietsub,2013,Hàn Quốc,"Hài hước, Chính kịch, Gia đình",HD,1746.0,8.0,1.0
579,Sinh Vật Gyeongseong 2,Hoàn thành,Jung Dong Yoon,,VietSub,2024,Hàn Quốc,"Hành động, Viễn tưởng, Phiêu lưu, Khoa học, Chính kịch, Bí ẩn, Tình cảm, Tâm lý",HD,7633.0,8.0,1.0
580,Tuyết Mê Cung,Hoàn thành,"Lu Xing, Chen Zhou Fei",45.0,VietSub,2024,Trung Quốc,"Tình cảm, Chính kịch, Tâm lý, Phiêu lưu, Hành động, Bí ẩn, Hình sự",HD,7030.0,8.0,1.0
581,Khi Hoa Rừng Nở Rộ,Hoàn thành,Phí Chấn Tường,45.0,VietSub,2024,Trung Quốc,"Tình cảm, Chính kịch, Tâm lý, Học đường",HD,1549.0,8.0,1.0
582,Quý Ông Đích Thực,Hoàn thành,Onur Bilgetay,110.0,Vietsub,2024,Thổ Nhĩ Kỳ,Chính kịch,HD,229.0,8.0,1.0
583,Mỹ Nữ Tái Sinh,Hoàn thành,"Đạo diễn Lee Chang Min, Park Seon Ho (Dr)",60.0,Vietsub,2014,Hàn Quốc,"Tình cảm, Hài hước",HD,26848.0,10.0,1.0
585,Bắt Búp Bê,Hoàn thành,"Yan Fei, Peng Damo",133.0,Vietsub,2024,Trung Quốc,Hài hước,HD,829.0,8.0,1.0
586,"""Sói"" Thủ Đối Đầu - Wolfs",Hoàn thành,Jon Watts,108.0,VietSub,2024,Âu Mỹ,"Hành động, Hài hước, Hình sự",HD,695.0,8.0,1.0
587,Nam Dương Nữ Nhi Tình,Đang chiếu,Guoshimin,30.0,VietSub,2023,Trung Quốc,"Tình cảm, Chính kịch, Tâm lý",HD,19029.0,9.0,1.0
588,Chuyến Tàu Nô Lệ,Hoàn thành,Steven Spielberg,155.0,Vietsub,1997,Âu Mỹ,"Chính kịch, Bí ẩn",HD,369.0,8.0,1.0
589,Tình Trong Tưởng Tưởng,Hoàn thành,Richard Franklin,87.0,Vietsub,1976,Úc,Hài hước,HD,211.0,8.0,1.0
590,Những Tay Cao Bồi,Hoàn thành,Christopher Cain,107.0,Vietsub,1988,Âu Mỹ,"Hành động, Phiêu lưu",HD,306.0,8.0,1.0
591,Giáng Sinh Bất Tận,Hoàn thành,Mike Mitchell,91.0,Vietsub,2004,Âu Mỹ,Hài hước,HD,242.0,8.0,1.0
592,Will & Harper,Sắp chiếu,Josh Greenbaum,114.0,Sắp Chiếu,2024,Âu Mỹ,"Hài hước, Tài liệu",HD,1461.0,8.0,1.0
593,Thiên Kim Giá Đáo 1998,Đang chiếu,Yi Lin,16.0,Vietsub,2024,Trung Quốc,"Viễn tưởng, Khoa học, Chính kịch, Tình cảm, Tâm lý",HD,1450.0,8.0,1.0
594,Ba Chị Em Họ Tống,Hoàn thành,Mabel Cheung,145.0,Vietsub,1997,Trung Quốc,"Tình cảm, Chính kịch",HD,465.0,8.0,1.0
595,Hành Trình Đức Tin,Hoàn thành,Nathan Silver,111.0,Vietsub,2024,Âu Mỹ,"Hài hước, Chính kịch",HD,211.0,8.0,1.0
596,Chuska: Những Chiến Binh Bóng Rổ,Hoàn thành,Sydney Freeland,113.0,VietSub,2024,Âu Mỹ,Chính kịch,HD,255.0,8.0,1.0
597,Học Viện Anh Hùng Mùa 7,Đang chiếu,Kenji Nagasaki,,VietSub,2024,Nhật Bản,"Phiêu lưu, Hành động, Hoạt hình",HD,6134.0,8.0,1.0
599,Lucky Luke: Bản Ba-lát Của Anh Em Dalton,Hoàn thành,Morris,82.0,Vietsub,1978,Pháp,"Hài hước, Gia đình",HD,225.0,8.0,1.0
600,Lucky Luke: Đi Về Miền Viễn Tây,Hoàn thành,Olivier Jean-Marie,90.0,Vietsub,2007,Pháp,"Hài hước, Phiêu lưu",HD,256.0,8.0,1.0
604,Tình Yêu Trong Phim: Bản Lãng Mạn,Hoàn thành,Huang Ai Lun,82.0,Vietsub,2021,Trung Quốc,"Tình cảm, Chính kịch",HD,385.0,8.0,1.0
605,Tôi Sẽ Không Thích Cậu Đâu!,Hoàn thành,Hác Chiêu Hách,10.0,Vietsub,2023,Trung Quốc,"Tình cảm, Chính kịch, Tâm lý",FHD,9931.0,8.0,1.0
607,Hôm Nay Phải Cố Lên,Hoàn thành,"Ngô Cường, Vũ Trung Trung",25.0,VietSub,2023,Trung Quốc,"Tình cảm, Hài hước, Chính kịch, Tâm lý",FHD,33146.0,8.0,1.0
609,Tài Nữ Nhà Ta Trưởng Thành Rồi,Hoàn thành,He Jia Nan,45.0,VietSub,2024,Trung Quốc,"Tình cảm, Hài hước, Chính kịch, Tâm lý, Cổ trang",HD,2256.0,8.0,1.0
610,Căn Hộ 7A,Hoàn thành,Natalie Erika James,106.0,Vietsub,2024,Âu Mỹ,"Kinh dị, Tâm lý",HD,537.0,8.0,1.0
611,Ma Vui Vẻ 4,Hoàn thành,高志森,88.0,Vietsub,1990,Hồng Kông,"Hài hước, Kinh dị, Viễn tưởng",HD,313.0,8.0,1.0
612,Ma Vui Vẻ 5,Hoàn thành,Raymond Wong,91.0,Vietsub,1991,Hồng Kông,"Hài hước, Kinh dị, Viễn tưởng",HD,320.0,8.0,1.0
613,Ma Cây,Hoàn thành,Sidharta Tata,112.0,Vietsub,2024,Indonesia,"Kinh dị, Tâm lý, Viễn tưởng",HD,947.0,8.0,1.0
614,Hiệp Sĩ Mặt Nạ: Revice Hậu Truyện,Hoàn thành,Koichi Sakamoto,77.0,Vietsub,2023,Nhật Bản,"Chính kịch, Phiêu lưu, Hành động",HD,390.0,8.0,1.0
615,Hiệp Sĩ Mặt Nạ: Hỗn Chiến Thời Gian Thực,Hoàn thành,Teruaki Sugihara,80.0,Vietsub,2020,Nhật Bản,"Hành động, Viễn tưởng",HD,408.0,8.0,1.0
616,Hiệp Sĩ Mặt Nạ: Gia Đình Siêu Phàm,Hoàn thành,Koichi Sakamoto,62.0,Vietsub,2022,Nhật Bản,"Hành động, Viễn tưởng",HD,377.0,8.0,1.0
617,Phục Vụ Nhân Dân,Hoàn thành,Jang Cheol-soo,146.0,Vietsub,2022,Hàn Quốc,Tình cảm,HD,10165.0,8.0,1.0
618,Đối Tác Hôn Nhân: Nếu Yêu thì sẽ Ly Hôn,Đang chiếu,Tanazawa Takayoshi,24.0,VietSub,2024,Nhật Bản,"Tình cảm, Hài hước, Chính kịch, Tâm lý",HD,899.0,8.0,1.0
619,Người Trong Lồng,Đang chiếu,Xin Kuo,17.0,Vietsub,2024,Trung Quốc,"Hài hước, Viễn tưởng, Khoa học, Hoạt hình",HD,428.0,8.0,1.0
620,Huyễn Nhạc Sâm Lâm,Hoàn thành,Hà Hoằng Huy,45.0,Vietsub,2024,Trung Quốc,Cổ trang,HD,3852.0,8.0,1.0
621,21 Ngày,Hoàn thành,David Chuang,,Vietsub,2024,Trung Quốc,"Kinh dị, Bí ẩn, Hình sự, Tâm lý, Phiêu lưu, Hành động",HD,1770.0,8.0,1.0
623,Làn Nước Tử Thần,Hoàn thành,Hayley Easton Street,86.0,Vietsub,2024,Anh,Kinh dị,HD,301.0,8.0,1.0
624,"Vietnam, Texas",Hoàn thành,Robert Ginty,92.0,Vietsub,1990,Âu Mỹ,Hành động,HD,408.0,8.0,1.0
626,Troll: Quỷ Núi Khổng Lồ,Hoàn thành,Roar Uthaug,104.0,Vietsub,2022,Na Uy,"Phiêu lưu, Hành động, Viễn tưởng",HD,444.0,8.0,1.0
628,Quán Trọ Tam Canh,Hoàn thành,陈蛟龙,88.0,Vietsub,2024,Trung Quốc,"Tâm lý, Bí ẩn",HD,801.0,8.0,1.0
629,Cá Mập Sát Thủ,Hoàn thành,Joshua Chan,72.0,Vietsub,2023,Trung Quốc,"Kinh dị, Tâm lý",HD,777.0,8.0,1.0
630,Killer Heat,Hoàn thành,Philippe Lacôte,97.0,Vietsub,2024,Âu Mỹ,"Chính kịch, Tâm lý, Hình sự",HD,505.0,8.0,1.0
631,Asura: Thành Phố Tội Ác,Hoàn thành,김성수,136.0,Vietsub,2016,Hàn Quốc,"Tâm lý, Hành động, Hình sự",HD,1434.0,8.0,1.0
632,Hôn Nhân Không Thua Thiệt,Hoàn thành,Kim Jung Shik,63.0,Vietsub,2024,Hàn Quốc,"Hài hước, Chính kịch, Tình cảm, Tâm lý, Gia đình",HD,4844.0,8.0,1.0
634,Liên Minh Siêu Thú DC,Hoàn thành,Jared Stern,105.0,Vietsub,2022,Âu Mỹ,Hoạt hình,HD,517.0,8.0,1.0
636,Thợ Săn Thành Phố: Căn Cứ Bí Mật Shinjuku,Hoàn thành,Kenji Kodama,95.0,Vietsub,2019,Nhật Bản,"Hành động, Hình sự, Hoạt hình",HD,568.0,8.0,1.0
637,Học Viện Đào Tạo Ngôi Sao,Hoàn thành,ANAN RASAMEE,45.0,Vietsub,2023,Thái Lan,"Tâm lý, Bí ẩn, Tình cảm",FHD,27847.0,8.0,1.0
638,Tẩu Thoát (Hàn Quốc),Hoàn thành,Lee Jong Pil,96.0,Thuyết Minh,2024,Hàn Quốc,"Hành động, Chính kịch",HD,6790.0,8.0,1.0
640,Quái Thú So Chiêu,Hoàn thành,Hamish Grieve,95.0,Vietsub,2021,Âu Mỹ,"Gia đình, Hoạt hình",HD,676.0,8.0,1.0
642,Dữ Phượng Hành,Hoàn thành,Deng Ke,,VietSub,2024,Trung Quốc,"Tình cảm, Cổ trang, Viễn tưởng",HD,205315.0,9.7,3.0
643,Nhịp Điệu Tình Yêu (Thong Thả Tình Yêu),Hoàn thành,Min Doo Shik,60.0,VietSub,2024,Hàn Quốc,"Tình cảm, Chính kịch, Tâm lý",HD,2491.0,8.0,1.0
644,Gấu Đỏ Biến Hình,Hoàn thành,Domee Shi,100.0,Vietsub,2022,Âu Mỹ,"Hài hước, Hoạt hình",HD,624.0,8.0,1.0
646,Harold và Cây Bút Phép Thuật,Hoàn thành,Carlos Saldanha,90.0,Vietsub,2024,Âu Mỹ,"Hài hước, Phiêu lưu, Gia đình",HD,570.0,8.0,1.0
652,Thấy 2,Hoàn thành,Anders Engström,60.0,Vietsub,2021,Âu Mỹ,"Chính kịch, Hành động, Viễn tưởng",HD,1011.0,8.0,1.0
653,Thấy 3,Hoàn thành,Anders Engström,60.0,Vietsub,2022,Âu Mỹ,"Chính kịch, Hành động, Viễn tưởng",HD,1192.0,8.0,1.0
654,Thí Nghiệm Utopia,Hoàn thành,Toby Haynes,55.0,Vietsub,2020,Âu Mỹ,"Chính kịch, Hành động, Bí ẩn, Viễn tưởng",HD,1123.0,8.0,1.0
656,Chuyện Kể Từ Vòng Lặp,Hoàn thành,Jodie Foster,50.0,Vietsub,2020,Âu Mỹ,"Chính kịch, Viễn tưởng",HD,760.0,8.0,1.0
657,Nhiệt Lạc Cổn Thang,Hoàn thành,Giả Linh,129.0,Vietsub,2024,Hàn Quốc,Hài hước,HD,744.0,8.0,1.0
658,Dấu Giày Thứ 3 2024,Hoàn thành,Xiang Yang,60.0,Vietsub,2022,Trung Quốc,Hành động,HD,512.0,8.0,1.0
660,Thỏ Gà Rà Kho Báu,Hoàn thành,Ben Stassen,91.0,Vietsub,2022,Pháp,"Hài hước, Phiêu lưu, Hoạt hình",HD,511.0,8.0,1.0
