id_phim,tenphim,trangthai,daodien,thoiluong,phude,namsx,quocgia,theloai,dophangiai
1,Đam Mê Dục Vọng,Hoàn thành,Kōta Yoshida,85 phút,Vietsub,2016,Nhật Bản,"Tình Cảm, Chính kịch, Viễn Tưởng, Phim 18+, Phim lẻ",HD
2,Love Sick 2024,Đang chiếu,Cheewin Thanamin Wongskulphat,60 phút/tập,VietSub,2024,Thái Lan,"Tình Cảm, Hài Hước, Chính kịch, Tâm Lý",HD
3,Liên Minh Huyền Thoại: Khởi Nguồn,Hoàn thành,"Suki Medencevic, Leslie Iwerks",77Phút,Vietsub,2019,Âu Mỹ,Tài Liệu,HD
4,Sát Thủ Mật Danh 13,Hoàn thành,Timo Tjahjanto,144 phút,Vietsub,2024,Indonesia,"Hành Động, Hình Sự, Tâm Lý",FHD
5,Vụ Cướp Táo Tợn,Hoàn thành,Michał Gazda,114 phút,Vietsub,2024,Ba lan,"Hình Sự, Chính kịch",FHD
6,Hellboy: Đại Chiến Quỷ Dữ,Hoàn thành,Brian Taylor,100 Phút,Vietsub,2024,Âu Mỹ,"Viễn Tưởng, Kinh Dị, Phiêu Lưu, Hành Động",HD
7,Cái Chết Của Bạch Tuyết,Hoàn thành,"Byun Young Joo, Lee Kyoo Man",70 phút/tập,VietSub,2024,Hàn Quốc,"Tình Cảm, Chính kịch, Tâm Lý, Phiêu Lưu, Bí ẩn, Hình Sự",HD
9,Hội Quái Hộp,Hoàn thành,Anthony Stacchi,97 phút,Vietsub,2014,Âu Mỹ,"Hài Hước, Gia Đình, Hoạt Hình",HD
10,Đặc Vụ Xuyên Quốc Gia,Hoàn thành,Lee Seok Hoon,130 Phút,Vietsub,2022,Hàn Quốc,"Hành Động, Phiêu Lưu",HD
11,Bí Mật Đêm Hè,Hoàn thành,Rawiphon Hong-ngam,44 phút/tập,Vietsub,2024,Thái Lan,"Tình Cảm, Chính kịch, Tâm Lý",HD
12,Anh chàng sợ ma,Hoàn thành,Roy Krishnan,1g 47phút,Vietsub,2022,Malaysia,Kinh Dị,HD
13,Thượng Ẩn Thái Lan,Hoàn thành,Yuan Tin Tun Danop,60 phút/tập,VietSub,2024,Thái Lan,"Tình Cảm, Chính kịch, Tâm Lý",HD
14,Sơn Trại Tiểu Manh Chủ,Hoàn thành,Zoe Qin,46M5S,Vietsub,2020,Trung Quốc,"Tình Cảm, Cổ Trang",HD
15,Hố Sâu Đói Khát 2,Hoàn thành,Galder Gaztelu-Urrutia,100 Phút,Vietsub,2024,Tây Ban Nha,"Viễn Tưởng, Khoa Học, Chính kịch",HD
16,Những kẻ xấu xa: Phi vụ ma ám,Hoàn thành,Kevin Peaty,22 Phút,Vietsub,2024,Âu Mỹ,"Hài Hước, Hoạt Hình",HD
17,Harta Tahta Raisa,Hoàn thành,Soleh Solihun,1 giờ 30phút,VietSub,2024,Indonesia,"Chính kịch, Tài Liệu",HD
18,Phần Đất Của Salem,Hoàn thành,Gary Dauberman,113 Phút,Vietsub,2024,Âu Mỹ,"Kinh Dị, Bí ẩn",HD
19,Thần Mộ,Hoàn thành,Hui Tong,74 phút,Vietsub,2022,Trung Quốc,Hoạt Hình,HD
20,Thanh Khâu Duyên Khởi,Hoàn thành,沈宏翔,0 Phút,Vietsub,2024,Trung Quốc,Viễn Tưởng,HD
21,Tróc Đao Nhân,Hoàn thành,Qin Pengfei,1 giờ 30phút,VietSub,2024,Trung Quốc,"Chính kịch, Phiêu Lưu, Hành Động, Cổ Trang",HD
22,Strange Darling,Hoàn thành,JT Mollner,97 Phút,Vietsub,2024,Âu Mỹ,"Hình Sự, Kinh Dị",HD
23,Kiểm Soát (Xóa Bỏ),Hoàn thành,Vikramaditya Motwane,1 giờ 30phút,VietSub,2024,Ấn Độ,"Chính kịch, Bí ẩn, Khoa Học",HD
24,Không Nói Điều Dữ,Hoàn thành,James Watkins,110 Phút,Vietsub,2024,Âu Mỹ,Kinh Dị,HD
25,Điều Bên Trong,Hoàn thành,Greg Jardin,1 giờ 30phút,VietSub,2024,Âu Mỹ,"Hài Hước, Tâm Lý, Viễn Tưởng, Khoa Học",HD
26,Hương Vị Của Biển,Hoàn thành,Na Young Seok,50 phút/ tập,VietSub,2024,Hàn Quốc,TV Shows,HD
27,Hồi Ức Của Một Người Thầy,Hoàn thành,Kyoll Hamzah,120 Phút,Vietsub,2024,Malaysia,Chính kịch,HD
28,Kamen Rider Gavv,Hoàn thành,Teruaki Sugihara,25 phút/tập,Vietsub,2024,Nhật Bản,"Phiêu Lưu, Hành Động, Viễn Tưởng",HD
29,Culinary Class Wars,Hoàn thành,Kim Hak Min,63 phút/tập,Vietsub,2024,Hàn Quốc,TV Shows,HD
30,Padu,Hoàn thành,Faisal Ishak,97 Phút,Vietsub,2024,Malaysia,Chính kịch,HD
31,Máu Lạnh,Hoàn thành,"Choi Jeong-eun, Kim Shin-il",60 phút/ tập,VietSub,2024,Hàn Quốc,"Gia Đình, Chính kịch, Bí ẩn, Tâm Lý",HD
32,Gia Đình Khó Đoán,Hoàn thành,Kim Sung Geun,30 phút/tập,VietSub,2023,Hàn Quốc,"Tình Cảm, Hài Hước, Chính kịch, Tâm Lý, Gia Đình",HD
33,Chuỗi Ngày Tự Lập Của Hyo Sim,Hoàn thành,Kim Hyeong-il,60 phút/tập,VietSub,2023,Hàn Quốc,"Gia Đình, Chính kịch, Tình Cảm, Tâm Lý",HD
34,Đế Chế Thanh Lịch,Hoàn thành,Park Gi Ho,30 phút/tập,VietSub,2023,Hàn Quốc,"Tình Cảm, Chính kịch, Tâm Lý, Gia Đình, Bí ẩn",HD
35,Bé Ma Của Anh,Hoàn thành,Komgrit Triwimol,1 giờ 30phút,VietSub,2024,Thái Lan,"Tình Cảm, Hài Hước, Kinh Dị, Phiêu Lưu, Bí ẩn",HD
37,Beetlejuice Beetlejuice: Ma Siêu Quậy,Hoàn thành,Tim Burton,105 Phút,Vietsub,2024,Âu Mỹ,"Hài Hước, Kinh Dị",HD
38,Anh Ấy Xâm Chiếm Thế Giới Của Tôi,Hoàn thành,Kungfu Nitivat Cholvanichsiri,45 phút/tập,VietSub,2024,Thái Lan,"Tình Cảm, Tâm Lý",HD
39,Xóa Tan Ký Ức,Hoàn thành,"Kim Na Young, Yoon Ji Hoon",70 phút/tập,VietSub,2024,Hàn Quốc,"Tình Cảm, Hài Hước",HD
40,Giải Mã Tình Yêu Anh Bằng Trái Tim Em,Hoàn thành,"Naruebet Kuno, Tossaphon Riantong",70 phút/tập,Vietsub,2020,Thái Lan,Chính kịch,HD
41,Con Trai Bạn Mẹ (Chuyện Tình Nhà Bên),Hoàn thành,Yoo Je Won,70 phút/ tập,VietSub,2024,Hàn Quốc,"Tình Cảm, Chính kịch, Tâm Lý, Gia Đình",HD
42,Người Tình DNA,Hoàn thành,Sung Chi Wook,60 phút/tập,VietSub,2024,Hàn Quốc,"Tình Cảm, Hài Hước, Chính kịch, Tâm Lý",HD
43,Học Kỳ Sinh Tử,Đang chiếu,Sung Yong Il,60 phút/tập,Vietsub,2023,Hàn Quốc,"Hành Động, Viễn Tưởng",HD
44,Học Kỳ Sinh Tử Phần 2,Hoàn thành,Sung Yong Il,45 phút/tập,VietSub,2023,Hàn Quốc,"Phiêu Lưu, Gia Đình, Hành Động, Học Đường, Viễn Tưởng, Khoa Học",HD
45,Phố Trấn Hồn: Nhiệt Huyết Sục Sôi,Đang chiếu,Zhong Qing,45 Phút/Tập,Vietsub,2024,Trung Quốc,"Phiêu Lưu, Hành Động, Cổ Trang",HD
46,Đêm Tối Và Bình Minh,Hoàn thành,"Li Cai, Nan Huang",45 phút/tập,Vietsub,2024,Trung Quốc,"Chính kịch, Bí ẩn, Tâm Lý",HD
47,Thư Từ Biệt,Đang chiếu,Deniz Çelebi Dikilitaş,120 phút/tập,Vietsub,2023,Thổ Nhĩ Kỳ,"Gia Đình, Chính kịch",HD
48,Mạc Phong Ngâm,Hoàn thành,Hà Giai Nam,45 phút/tập,VietSub,2024,Trung Quốc,"Tình Cảm, Chính kịch, Tâm Lý, Phiêu Lưu, Cổ Trang, Võ Thuật",HD
49,"Nửa Thân Quen, Nửa Xa Lạ",Đang chiếu,Zhang Xiao Bo,45 Phút/Tập,Vietsub,2024,Trung Quốc,Tình Cảm,HD
50,Găng Tơ Tái Xuất,Hoàn thành,Kim Min Ho,116 phút,VietSub,2018,Hàn Quốc,"Tâm Lý, Phiêu Lưu, Hành Động, Hình Sự",HD
51,Bướm Đêm,Hoàn thành,Anggy Umbara,30 phút/tập,VietSub,2022,Indonesia,"Tình Cảm, Tâm Lý, Phim 18+",HD
52,Thử Thách Thần Tượng,Đang chiếu,"Kim Ju Hyung, Jo Hyo Jin",90 phút/tập,Vietsub,2010,Hàn Quốc,"Hài Hước, Phiêu Lưu, TV Shows",HD
53,Tình Sử Jang Ok Jung,Hoàn thành,Boo Sung-Chul,65 phút/tập,VietSub,2013,Hàn Quốc,Chính kịch,HD
54,Y Quán Tiểu Truyện (Phần 1),Hoàn thành,Đinh Ngưỡng Quốc,45 Phút/Tập,Lồng Tiếng,2015,Trung Quốc,"Phim bộ, Phim Hài, Cổ Trang",HD
55,"Chiến Tranh, Loạn Lạc",Hoàn thành,김상만,126 Phút,Vietsub,2024,Hàn Quốc,"Hành Động, Chính kịch",HD
56,Kỹ Sư Tình Yêu,Hoàn thành,"Niink Karnpicha Sinlertpattana, Ko Nantalit Tampacha",40 Phút/Tập,Vietsub,2020,Thái Lan,"Phim bộ, Tâm Lý, Tình Cảm",HD
57,Chàng Trai Ngoại Cảm,Hoàn thành,Jin Bing Zhu,1H3S,Vietsub,2019,Hàn Quốc,"Tình Cảm, Tâm Lý",HD
58,Su Ji Và U Ri,Hoàn thành,Park Ki-hyun,30 phút/tập,Vietsub,2024,Hàn Quốc,"Gia Đình, Chính kịch, Tình Cảm, Tâm Lý",HD
59,Vũ Điệu Chiến Thắng,Hoàn thành,Park Beom-su,120 phút,Vietsub,2024,Hàn Quốc,"Hài Hước, Chính kịch",FHD
60,Bí Mật Bị Vùi Lấp Phần 1,Hoàn thành,"Josh Pate, Jonas Pate, Shannon Burke",50 phút / tập,Vietsub,2020,Âu Mỹ,"Hành Động, Phiêu Lưu",HD
61,Hội Nghị Chết Chóc,Hoàn thành,Patrik Eklund,1g 40phút,VietSub,2023,Thụy Điển,Kinh Dị,HD
62,Affair: Mánh Khóe Tình Yêu,Hoàn thành,Pantip Wiboonthum,60 phút/tập,VietSub,2024,Thái Lan,"Tình Cảm, Tâm Lý, Học Đường",HD
65,Thanh Diện Tu La,Hoàn thành,Daniel Lee,1 giờ 58 phút,Vietsub,2022,Trung Quốc,"Cổ Trang, Võ Thuật",HD
66,Vệ Sĩ,Hoàn thành,Qin Peng Fei,1 Tiếng 2 Phút/tập,VietSub,2024,Trung Quốc,"Phiêu Lưu, Hành Động, Bí ẩn, Hình Sự",HD
67,Đảo Ngược Thời Gian Vì Em,Hoàn thành,Oat Vatanyu Ingkavivat,45 phút/tập,VietSub,2024,Thái Lan,"Tình Cảm, Chính kịch, Tâm Lý",HD
68,BLUE LOCK THE MOVIE -EPISODE NAGI-,Hoàn thành,石川俊介,91 Phút,Vietsub,2024,Nhật Bản,"Chính kịch, Hành Động",HD
69,Ma Sói,Hoàn thành,François Uzan,95 Phút,Vietsub,2024,Pháp,"Hành Động, Hài Hước, Phiêu Lưu",HD
70,Truyện Kinh Dị Mỹ Phần 11,Hoàn thành,"Brad Falchuk, Ryan Murphy",45 phút/tập,Vietsub,2022,Âu Mỹ,"Tâm Lý, Viễn Tưởng, Kinh Dị",HD
71,Thiên Sứ Tội Lỗi (Đóa Hồng Tội Lỗi),Hoàn thành,Koo Ekkasit Trakulkasemsuk,45 phút/ tập,VietSub,2024,Thái Lan,"Tình Cảm, Chính kịch, Tâm Lý",HD
72,Phong Thủy,Hoàn thành,Park Hee-Kon,126 phút,Thuyết Minh,2018,Hàn Quốc,"Cổ Trang, Tâm Lý, Bí ẩn",HD
73,Bậc Thầy Phong Thủy,Hoàn thành,Park Hee Kon,126 Phút,Thuyết Minh,2018,Hàn Quốc,"Cổ Trang, Tâm Lý",HD
74,Tại Sao Boss Muốn Cưới Tôi 2,Hoàn thành,Qiang Wu,43 Phút/Tập,Vietsub,2020,Trung Quốc,Tình Cảm,HD
76,Bạo Chúa Caligula,Hoàn thành,Tinto Brass,156 Phút,Vietsub,1979,Âu Mỹ,"Tình Cảm, Chính kịch",HD
77,Liều Mạng,Hoàn thành,Marc Ma,115 phút,Vietsub,2024,Trung Quốc,"Hành Động, Hình Sự",FHD
78,21 Khoảnh Khắc,Hoàn thành,Néstor Ruiz Medina,97 phút,Vietsub,2023,Tây Ban Nha,Chính kịch,FHD
79,Quái Vật Không Gian: Romulus,Hoàn thành,Fede Álvarez,119 Phút,Vietsub,2024,Âu Mỹ,"Viễn Tưởng, Khoa Học, Kinh Dị",HD
80,Vô Gian Nhất Chiến,Hoàn thành,Mak Ho-Pong,86 phút,Vietsub,2023,Trung Quốc,"Hình Sự, Hành Động",FHD
81,Thảm Họa Núi Lửa Katla,Hoàn thành,"Baltasar Kormákur, Sigurjón Kjartansson",43 phút/tập,Vietsub,2021,Iceland,"Chính kịch, Bí ẩn, Khoa Học, Viễn Tưởng",FHD
82,Em Không Ngốc 3,Hoàn thành,Jack Neo,132 phút,Vietsub,2024,Singapore,"Chính kịch, Hài Hước, Gia Đình",FHD
83,Vân Tịch Truyện,Hoàn thành,Lưu Trấn Minh,45 phút,Vietsub,2018,Trung Quốc,"Tình Cảm, Cổ Trang, Tâm Lý",HD
85,Gundam: Khúc cầu hồn thù hận,Hoàn thành,Đang cập nhật,24 phút/tập,Vietsub,2024,Nhật Bản,"Khoa Học, Viễn Tưởng, Hoạt Hình",FHD
86,Nghe Thấy Giọng Nói Của Em,Hoàn thành,Hermione,33 phút/tập,Vietsub,2022,Trung Quốc,Hành Động,HD
87,Bài Học Tình Yêu Thứ 9,Hoàn thành,Wang Li Wen,55 phút/tập,Vietsub,2022,Đài Loan,"Tâm Lý, Gia Đình, Học Đường",FHD
88,Thủ Lĩnh Sho Huyền Thoại,Hoàn thành,"Ueda Hisashi, Sumida Takashi",50 phút/tập,Vietsub,2024,Nhật Bản,"Phim bộ, Hành Động, Phim Hài",HD
89,Tam Sinh Vô Thương,Đang chiếu,Wen Hong Yi,20 phút/tập,VietSub,2024,Trung Quốc,"Tình Cảm, Chính kịch, Tâm Lý, Phiêu Lưu, Cổ Trang",HD
90,Hẹn Hò Với Sát Nhân,Hoàn thành,Anna Kendrick,1 Tiếng 2 Phút/tập,VietSub,2024,Âu Mỹ,"Tình Cảm, Chính kịch, Kinh Dị, Tâm Lý",FHD
91,Cú Máy Ăn Tiền,Hoàn thành,김지운,135 phút,Vietsub,2023,Hàn Quốc,"Hài Hước, Chính kịch, Lịch Sử",FHD
92,Người Đàn Ông Yêu UFO,Hoàn thành,Diego Lerman,107 Phút,Vietsub,2024,Argentina,"Hài Hước, Chính kịch",HD
93,The Life and Movies of Erşan Kuneri Phần 2,Hoàn thành,Cem Yılmaz,50 phút/tập,Vietsub,2024,Thổ Nhĩ Kỳ,Hài Hước,HD
94,Chim Bói Cá,Đang chiếu,Gülseren Budaıcıoğlu,2h30p/tập,Vietsub,2022,Thổ Nhĩ Kỳ,"Tình Cảm, Tâm Lý",HD
95,Nhà Của Bé Sư Tử,Đang chiếu,Toshio Tsuboi,45 phút/tập,Vietsub,2024,Nhật Bản,"Gia Đình, Chính kịch, Bí ẩn",HD
96,Đoàn Tàu Cõi Âm,Hoàn thành,Rizal Mantovani,102 phút,VietSub,2024,Indonesia,"Kinh Dị, Tâm Lý, Bí ẩn",HD
97,Sát Thủ Lưu Vong,Hoàn thành,Đỗ Kỳ Phong,1h 48 phút,Thuyết Minh,2006,Trung Quốc,"Hành Động, Phiêu Lưu",HD
98,After Ever Happy: Hạnh phúc mãi về sau,Hoàn thành,Castille Landon,1g 35phút,Vietsub,2022,Âu Mỹ,Chính kịch,HD
99,Mật Mã Lệch Lạc,Hoàn thành,"Jojo Tichakorn Phukhaotong, Ninew Pinya Chookamsri",50 phút/tập,VietSub,2022,Thái Lan,"Tình Cảm, Hài Hước, Chính kịch, Học Đường",FHD
100,Lời Hồi Đáp 1988-LEE HYE RI,Hoàn thành,Shen Yuan Hao,90 phút/tập,Thuyết Minh,2015,Hàn Quốc,"Tình Cảm, Tâm Lý",HD
101,Dự Án Hồ Muối,Hoàn thành,Lu Lei,90 phút,Vietsub,2024,Trung Quốc,"Phim lẻ, Phiêu Lưu, Phim Hài, Hình Sự",HD
102,Thất Dạ Tuyết,Hoàn thành,"Ren Haitao, Liang Sheng Quan",45 phút/ tập,VietSub,2024,Trung Quốc,"Tình Cảm, Chính kịch, Tâm Lý, Phiêu Lưu, Hành Động, Cổ Trang",HD
103,Thêm Một Lần Nữa,Hoàn thành,hwang kyung sung,30 phút/ tập,VietSub,2022,Hàn Quốc,Tình Cảm,HD
104,Lửa Và Nước,Hoàn thành,Sion Sono,129Phút,Vietsub,2011,Nhật Bản,"Hình Sự, Chính kịch",HD
105,Bộ Tứ Siêu Đẳng: Sứ Giả Bạc,Hoàn thành,Tim Story,92 Phút,Vietsub,2007,Âu Mỹ,"Hành Động, Hình Sự, Phiêu Lưu, Bí ẩn",HD
107,Đô Thị Cổ Tiên Y,Đang chiếu,Đang cập nhật,9 phút/tập,Vietsub,2024,Trung Quốc,"Hành Động, Phiêu Lưu, Viễn Tưởng, Hoạt Hình",FHD
108,Vincenzo,Hoàn thành,Kim Hee-Won,60 phút/tập,VietSub,2021,Hàn Quốc,"Hành Động, Hình Sự, Phiêu Lưu",HD
109,Câu Chuyện Sau Chia Tay,Hoàn thành,Moon Hyun Sung,60 phút/ tập,VietSub,2024,Hàn Quốc,"Tình Cảm, Chính kịch, Tâm Lý",HD
110,Bản Án Từ Địa Ngục Phần 2,Hoàn thành,Choi Gyu Seok,52 phút/ tập,VietSub,2024,Hàn Quốc,"Hình Sự, Viễn Tưởng, Khoa Học, Chính kịch",HD
111,Ký Ức Độc Quyền,Hoàn thành,Liu Chang,47M48S,VietSub,2019,Trung Quốc,Tình Cảm,HD
112,Trò Chơi Đuổi Bắt W2,Hoàn thành,Tomoya Sugioka,23 phút/tập,Vietsub,2024,Nhật Bản,"Tình Cảm, Chính kịch, Tâm Lý",HD
113,Cô Giáo Thảo Mai,Hoàn thành,Artemio Abad,49 phút,Vietsub,2024,Philippines,"Chính kịch, Phim 18+",FHD
114,Sự Quyến Rũ Chết Người,Hoàn thành,Adul Boonboot,47 phút/tập,Vietsub,2018,Thái Lan,"Tình Cảm, Tâm Lý",HD
115,Thợ Săn Hoang Mạc,Hoàn thành,Heo Myung Haeng,145Phút,Lồng Tiếng,2024,Hàn Quốc,"Tâm Lý, Phiêu Lưu, Hành Động, Hình Sự",HD
116,Anh Hùng Nặng Vai,Hoàn thành,Dương Cẩm Tuyền,45 Phút/Tập,Lồng Tiếng,1996,Hồng Kông,"Phim bộ, Cổ Trang",HD
117,Ám Sát Ông Vua Nhạc RocknRoll,Hoàn thành,Eddie O'Keefe,90 phút,Vietsub,2016,Âu Mỹ,"Phim lẻ, Hình Sự, Chính kịch, Lãng Mạn",HD
118,Tiểu Nương Tử Nhà Tướng Quân,Hoàn thành,Qiang Wu,45 phút/tập,Thuyết Minh,2020,Trung Quốc,Tâm Lý,HD
119,Quân Cửu Linh,Hoàn thành,Tạ Trạch,45 phút/tập,Vietsub,2021,Trung Quốc,Cổ Trang,HD
120,Bí Mật Quốc Gia,Hoàn thành,"Hàn Bác Văn, Phan Cảnh Thừa",44 phút/tập,Lồng Tiếng,2017,Trung Quốc,"Tình Cảm, Hình Sự",HD
121,Lớp Học Của Nữ Hoàng (Bản Nhật),Hoàn thành,Hitoshi Iwamoto,45 Phút/Tập,Vietsub,2005,Nhật Bản,"Phim bộ, Chính kịch",HD
122,Lọ Lem 2 Giờ Sáng,Hoàn thành,Seo Min Jung,50 phút/tập,Thuyết Minh,2024,Hàn Quốc,"Chính kịch, Tình Cảm, Tâm Lý, Gia Đình",HD
123,Chúng Ta Hãy Kết Hôn Nhé,Đang chiếu,Kim Sung Geun,30 phút/tập,VietSub,2024,Hàn Quốc,"Tình Cảm, Chính kịch, Tâm Lý, Gia Đình",HD
124,Gã Hề Điên Loạn 2,Hoàn thành,Damien Leone,2 giờ 18 phút,Vietsub,2022,Âu Mỹ,"Kinh Dị, Phim 18+",HD
125,Gã Hề Điên Loạn,Hoàn thành,Damien Leone,60 Phút/Tập,Vietsub,2017,Âu Mỹ,"Tâm Lý, Kinh Dị, Bí ẩn",HD
126,Bỗng Dưng Trúng Mánh,Hoàn thành,Hwang Dong-seok,105 phút,Vietsub,2023,Hàn Quốc,"Phim lẻ, Hành Động, Hình Sự, Chính kịch",HD
127,Venom: Kèo Cuối,Hoàn thành,Kelly Marcel,109 Phút,VietSub,2024,Âu Mỹ,"Hành Động, Viễn Tưởng, Phiêu Lưu, Khoa Học",HD
128,Gia Đình Darim,Đang chiếu,Sung Joon Hae,70 phút/tập,Vietsub,2024,Hàn Quốc,"Hài Hước, Gia Đình, Tình Cảm, Chính kịch, Tâm Lý",HD
129,Mỏng Manh Dễ Vỡ,Hoàn thành,Kim Ji Hoon,30 phút/tập,Vietsub,2024,Hàn Quốc,"Tình Cảm, Gia Đình, Học Đường",HD
130,Tiger Crane,Đang chiếu,Zhao Bingle,null phút/tập,Vietsub,2024,Trung Quốc,"Hành Động, Viễn Tưởng, Phiêu Lưu, Khoa Học, Hoạt Hình",HD
131,Vụ không tặc 1993,Hoàn thành,Robert Peters,86 Phút,Vietsub,2024,Nigeria,Chính kịch,HD
132,Robot Hoang Dã,Hoàn thành,Chris Sanders,102 Phút,Vietsub,2024,Âu Mỹ,"Viễn Tưởng, Khoa Học, Gia Đình, Hoạt Hình",HD
133,Transformers Một,Hoàn thành,Josh Cooley,104 Phút,Lồng Tiếng,2024,Âu Mỹ,"Hành Động, Viễn Tưởng, Phiêu Lưu, Khoa Học, Gia Đình, Hoạt Hình",HD
134,Bẫy,Hoàn thành,M. Night Shyamalan,105phút,Vietsub,2024,Âu Mỹ,Bí ẩn,HD
135,Mục Thần Ký,Đang chiếu,沈乐平,20 phút/tập,Vietsub,2024,Trung Quốc,"Hành Động, Viễn Tưởng, Phiêu Lưu, Khoa Học, Hoạt Hình",HD
136,Hyeri Yêu Dấu (Gửi Hyeri của Tôi),Hoàn thành,"Jung Ji Hyun, Heo Seok Won",70 phút/tập,VietSub,2024,Hàn Quốc,"Tình Cảm, Chính kịch, Tâm Lý",HD
137,Vẻ Đẹp Đích Thực,Hoàn thành,Kim Sang Hyub,45 phút/tập,VietSub,2021,Hàn Quốc,"Tình Cảm, Hài Hước",HD
139,Cô Gái Nhìn Thấy Mùi Hương,Hoàn thành,LinYi,43M36S,Vietsub,2019,Trung Quốc,Tình Cảm,HD
140,Quả Bí Mật,Hoàn thành,Lian Yi Qi,38M38S,Vietsub,2017,Trung Quốc,"Tình Cảm, Tâm Lý",HD
141,Hoa Lang,Hoàn thành,"Rick Yune, Richard Yun",59 phút/tập,Vietsub,2016,Hàn Quốc,Cổ Trang,HD
142,Hành Trang Làm Mẹ,Hoàn thành,Đang cập nhật,45 phút/tập,Thuyết Minh,2020,Đài Loan,"Gia Đình, Chính kịch",FHD
143,Ai Là Kẻ Sát Nhân,Hoàn thành,"Han Cheol Soo, Kim Yong Min",45 phút/tập,VietSub,2023,Hàn Quốc,"Tình Cảm, Tâm Lý, Hành Động, Bí ẩn",HD
144,Quái Hiệp Âu Dương Đức,Hoàn thành,Lâm Thiêm Nhất,45 phút/tập,Lồng Tiếng,2011,Trung Quốc,"Hài Hước, Chính kịch",HD
145,Tân Họa Bì,Hoàn thành,Dai Yi Lin,92 Phút,Vietsub,2022,Trung Quốc,"Tình Cảm, Cổ Trang, Tâm Lý, Viễn Tưởng",HD
146,Hoạ bì,Hoàn thành,Liu Chun,1g 32ph,Vietsub,2022,Trung Quốc,"Cổ Trang, Bí ẩn",HD
149,Người Tình Ánh Trăng,Hoàn thành,Đang cập nhật,60 phút/ tập,Vietsub,2016,Hàn Quốc,"Tình Cảm, Cổ Trang",FHD
150,Quý Công Tử,Hoàn thành,Park Hoon-jung,118Phút,Vietsub,2023,Hàn Quốc,"Hành Động, Hài Hước",HD
151,Hình Nhân Liễu Gai,Hoàn thành,Robin Hardy,94 phút,Vietsub,1973,Anh,Kinh Dị,HD
152,Phượng Lệ Cửu Thiên,Hoàn thành,"Lưu Hải Ba, Shen Yang",47M40S,Vietsub,2020,Trung Quốc,"Tình Cảm, Cổ Trang, Tâm Lý, Viễn Tưởng",HD
153,Bông Hoa Ác Ma (Hoa Của Quỷ),Hoàn thành,Jin Zhe Kui,1H1M35S,VietSub,2020,Hàn Quốc,"Tình Cảm, Kinh Dị, Bí ẩn",HD
154,Tuổi Hai Mươi,Hoàn thành,Li Zhi,46M37S,Vietsub,2020,Trung Quốc,"Tình Cảm, Hài Hước, Chính kịch, Tâm Lý, Gia Đình",HD
155,Hạnh Phúc Đến Vạn Gia,Hoàn thành,"Zheng Xiao Long, Liu Xue Song",45 phút/tập,Thuyết Minh,2022,Trung Quốc,"Tình Cảm, Tâm Lý",HD
156,Báo Thủ Seoul,Hoàn thành,An Jong Yeon,24 phút/ tập,Vietsub,2024,Hàn Quốc,Hài Hước,HD
157,Xuân Hoa Diễm,Hoàn thành,"Lu Cheng, Vicky Wong",45 phút/ tập,Vietsub,2024,Trung Quốc,"Hành Động, Phiêu Lưu, Chính kịch",HD
158,Ma Đất Sét,Hoàn thành,Sôichi Umezawa,81 phút,Vietsub,2018,Nhật Bản,"Phim lẻ, Kinh Dị, Bí ẩn",HD
159,Qúy Cô Bọ Cạp,Hoàn thành,Bruce Del Castillo,96 phút,Vietsub,2024,Âu Mỹ,"Hành Động, Hình Sự",FHD
160,Cuộc Tình Thay Phiên,Hoàn thành,Bobby Bonifacio,103 phút,Vietsub,2024,Philippines,"Chính kịch, Tình Cảm, Phim 18+",FHD
161,Đừng Buông Tay,Hoàn thành,Alexandre Aja,101 phút,Vietsub,2024,Âu Mỹ,"Kinh Dị, Chính kịch",FHD
162,Cuộc Tình Tay Ba,Hoàn thành,Iar Arondaing,48 phút,Vietsub,2024,Philippines,"Chính kịch, Tình Cảm, Phim 18+",FHD
163,Thiên Tài Bất Hảo,Hoàn thành,J.C. Lee,96 phút,Vietsub,2024,Canada,"Chính kịch, Tâm Lý",FHD
164,Luật Rừng Cuối Tuần,Hoàn thành,Vivek Athreya,172 phút,Vietsub,2024,Ấn Độ,"Hành Động, Tâm Lý",FHD
165,Mật Mã Phù Thủy (Phần 1),Hoàn thành,"Alice Troughton, Juan Carlos Medina, Sarah Walker",45 phút/tập,Vietsub,2018,Âu Mỹ,"Hành Động, Tâm Lý, Viễn Tưởng, Phiêu Lưu, Khoa Học",HD
166,Mật Mã Phù Thủy (Phần 2),Hoàn thành,"Alice Troughton, Juan Carlos Medina, Sarah Walker",45 phút/tập,Vietsub,2021,Âu Mỹ,"Hành Động, Tâm Lý, Viễn Tưởng, Phiêu Lưu, Khoa Học",HD
167,Mật Mã Phù Thủy (Phần 3),Hoàn thành,"Alice Troughton, Juan Carlos Medina, Sarah Walker",46 phút/tập,Vietsub,2022,Âu Mỹ,"Hành Động, Tâm Lý, Viễn Tưởng, Phiêu Lưu, Khoa Học",HD
169,Bùa Yêu Trong Vũng Ngò Ôm,Hoàn thành,Off Pongpat Wachirabunjong,45 phút/tập,Vietsub,2021,Thái Lan,"Tình Cảm, Hài Hước",HD
170,Bùa Yêu (Bản Thái),Hoàn thành,Koo Ekkasit Trakulkasemsuk,44 phút/tập,Lồng Tiếng,2020,Thái Lan,Tình Cảm,HD
171,Siêu Nhân Điện Quang Arc,Đang chiếu,Takanori Tsujimoto,30 phút/tập,VietSub,2024,Nhật Bản,"Hài Hước, Hành Động, Viễn Tưởng, Khoa Học",HD
172,Thiên Cơ Thập Nhị Cung,Hoàn thành,Trần Bằng,40phút/tập,Lồng Tiếng,2019,Trung Quốc,"Tình Cảm, Cổ Trang",HD
173,Jack And Joker: Người Đánh Cắp Trái Tim Tôi!,Đang chiếu,"Tee Sintanaparadee, Tee Bundit Sintanaparadee",60 phút/tập,VietSub,2024,Thái Lan,"Tình Cảm, Tâm Lý, Phiêu Lưu, Bí ẩn, Hình Sự",HD
176,Joker: Folie à Deux Điên Có Đôi,Hoàn thành,Todd Phillips,1 giờ 30phút,VietSub,2024,Âu Mỹ,"Hình Sự, Chính kịch",HD
177,Bí Mật Kẻ Sát Nhân Hoàng Đạo,Hoàn thành,Đang cập nhật,49 phút/tập,Vietsub,2024,Âu Mỹ,"Tài Liệu, Hình Sự",FHD
178,Cắt qua thời gian,Hoàn thành,Hannah Macpherson,91 Phút,Vietsub,2024,Âu Mỹ,"Viễn Tưởng, Khoa Học, Kinh Dị",HD
179,Ngôi Nhà Hạnh Phúc (Bản Việt Nam),Hoàn thành,Vũ Ngọc Đãng,45 phút/tập,Vietsub,2009,Việt Nam,"Gia Đình, Tâm Lý, Tình Cảm",FHD
180,Chú Chó Biết Tuốt,Hoàn thành,Kim Yoo Jin,70 phút/tập,Thuyết Minh,2024,Hàn Quốc,"Tình Cảm, Hài Hước, Chính kịch, Tâm Lý",HD
181,Tình Yêu Khờ Dại,Hoàn thành,Kim Min Seok,60 phút/tập,Vietsub,2019,Hàn Quốc,"Phim bộ, Tâm Lý, Tình Cảm",HD
182,Valentine Dối Trá,Hoàn thành,Koo Ekkasit Trakulkasemsuk,30 phút/tập,Thuyết Minh,2022,Thái Lan,"Phim bộ, Tâm Lý, Tình Cảm",HD
183,Kỷ Niệm Tan Vỡ,Hoàn thành,K Chainarong Tampong,30 phút/tập,Thuyết Minh,2022,Thái Lan,"Phim bộ, Tâm Lý, Tình Cảm",HD
184,Sinh Nhật Bất Hạnh,Hoàn thành,Tik Wasinee Khunanitisarn,30 phút/tập,Thuyết Minh,2021,Thái Lan,"Phim bộ, Tâm Lý, Tình Cảm",HD
185,Mong Đợi Cuối Cùng,Hoàn thành,Kathatep Thaivanit,30 phút/tập,Thuyết Minh,2022,Thái Lan,"Phim bộ, Tâm Lý, Tình Cảm",HD
186,Cái Kết Của Nhân Tình,Hoàn thành,Tik Wasinee Khunanitisarn,30 phút/tập,Thuyết Minh,2020,Thái Lan,"Phim bộ, Lãng Mạn, Tâm Lý, Tình Cảm",HD
187,Mẹ Kế (Thái Lan),Hoàn thành,Nui Suttasit Dechinthanarak,30 phút/tập,Thuyết Minh,2020,Thái Lan,"Phim bộ, Lãng Mạn, Tâm Lý, Tình Cảm",HD
188,Ngoại Tình,Hoàn thành,Louie Ignacio,96 Phút,Vietsub,2022,Philippines,Chính kịch,HD
189,Bí Mật Trên Ứng Dụng Hẹn Hò,Hoàn thành,Boonyathorn Kitiphattakon,45 phút/tập,Thuyết Minh,2024,Thái Lan,"Tình Cảm, Tâm Lý",HD
190,Yêu Em 3000 Lần,Đang chiếu,Zhou Ming Liang,14 phút/ tập,Vietsub,2024,Trung Quốc,"Chính kịch, Tình Cảm",FHD
191,Nhị Lang Thần: Thâm Hải Giao Long,Hoàn thành,Wang Jun,99 phút,Vietsub,2024,Trung Quốc,"Phiêu Lưu, Viễn Tưởng, Hoạt Hình",FHD
192,"Daeng: Hậu Duệ '"Tình Người Duyên Ma'"",Hoàn thành,"Chaleumpol Tikumpornteerawong, Watcharapong Pattama",110 Phút,Vietsub,2022,Thái Lan,"Hài Hước, Kinh Dị",HD
193,Chú Chó Robot,Hoàn thành,Oliver Daly,1h10phút/tập,Vietsub,2018,Âu Mỹ,"Viễn Tưởng, Khoa Học",HD
194,Nữ Luật Sư Lidia Poët Phần 2,Hoàn thành,Đang cập nhật,40 phút/tập,Vietsub,2024,Ý,"Chính kịch, Hình Sự",FHD
195,Người Tốt Hay Kẻ Xấu,Đang chiếu,Park Geon Ho,60 phút/ tập,Vietsub,2024,Hàn Quốc,"Hành Động, Tình Cảm, Chính kịch, Tâm Lý, Hình Sự",HD
196,Yong Soo Jung Dũng Cảm,Đang chiếu,"Lee Min Soo, Kim Mi Sook",30 phút/tập,VietSub,2024,Hàn Quốc,"Tình Cảm, Hài Hước, Chính kịch, Tâm Lý",HD
197,Vì Yêu Dẫn Lối,Đang chiếu,New Siwaj Sawatmaneekul,52 phút/tập,Vietsub,2024,Thái Lan,Tâm Lý,HD
198,Tòa Thành Thời Gian,Hoàn thành,Chan Ka Lam,45 phút/tập,Vietsub,2023,Trung Quốc,"Chính kịch, Tình Cảm, Tâm Lý",FHD
199,Sự Trả Thù Của Nàng Bạch Tuyết,Đang chiếu,Choi Ji-Young,33 phút/tập,Vietsub,2024,Hàn Quốc,"Chính kịch, Gia Đình, Tình Cảm, Tâm Lý",FHD
200,Lễ Tốt Nghiệp Chúng Mình,Hoàn thành,Chu Lễ Hòa,49 phút/tập,Lồng Tiếng,2024,Trung Quốc,"Chính kịch, Tình Cảm, Tâm Lý",FHD
201,Cuộc Tình Chen Ngang,Hoàn thành,Jules Katanyag,103 phút,Vietsub,2022,Philippines,"Phim lẻ, Chính kịch, Lãng Mạn, Gây Cấn, Phim 18+",HD
202,Tình Thỏa Hiệp,Hoàn thành,Carby Salvador,67 phút,Vietsub,2024,Philippines,"Chính kịch, Phim 18+",FHD
203,Mỹ Nhân Thâm Kế,Hoàn thành,Henry King Quitain,46 phút,Vietsub,2024,Philippines,"Chính kịch, Phim 18+",FHD
204,Quý Ông Còn Zin,Hoàn thành,Anthony Chan Yau,85 phút,Vietsub,1984,Hồng Kông,"Phim lẻ, Phim Hài, Chính kịch, Lãng Mạn",HD
205,Nữ Hầu Phòng,Hoàn thành,Bobby Bonifacio,47 phút,Vietsub,2024,Philippines,"Phim lẻ, Chính kịch, Phim 18+",HD
206,Truy Tìm Quái Thú,Hoàn thành,Ryan Coonan,83 phút,Vietsub,2024,Úc,"Phim lẻ, Kinh Dị, Bí ẩn",HD
207,Dối Trá,Đang chiếu,Hakan İnan,120 phút/tập,VietSub,2024,Thổ Nhĩ Kỳ,"Gia Đình, Chính kịch",HD
208,Tắm Xác,Hoàn thành,Hadrah Daeng Ratu,107 phút,Vietsub,2024,Indonesia,"Kinh Dị, Chính kịch, Tâm Lý",FHD
209,Tận Thế Z: Khởi Nguồn Đại Dịch,Hoàn thành,Carles Torrens,117 phút,Vietsub,2024,Tây Ban Nha,"Hành Động, Viễn Tưởng, Kinh Dị",FHD
210,Nỗi Đau Ngủ Yên,Hoàn thành,Adam Cooper,112 phút,Vietsub,2024,Âu Mỹ,"Bí ẩn, Tâm Lý, Hình Sự, Chính kịch",FHD
211,Dịch Vụ Cướp Người Yêu,Đang chiếu,Honda Ryuichi,23 phút/tập,Vietsub,2024,Nhật Bản,"Phim bộ, Phim đang chiếu, Hành Động, Chính kịch, Kinh Dị, Bí ẩn",HD
212,Đồng Minh Bí Mật,Đang chiếu,Honda Ryuichi,23 phút/tập,Vietsub,2024,Nhật Bản,"Phim bộ, Phim đang chiếu, Chính kịch, Lãng Mạn, Tình Cảm",HD
213,Lời Nói Dối Của Em Cũng Dễ Nghe,Hoàn thành,Li Hui Zhu,45 phút/tập,VietSub,2024,Trung Quốc,"Tình Cảm, Chính kịch, Tâm Lý, Gia Đình",HD
214,Vòng Lặp Chết Chóc,Đang chiếu,Nui Suttasit,50 phút/tập,Vietsub,2024,Thái Lan,"Phim bộ, Phim đang chiếu, Giả Tưởng, Bí ẩn, Tâm Lý",HD
215,Người Bán Hàng Cần Mẫn,Đang chiếu,Jo Woong,70 phút/tập,VietSub,2024,Hàn Quốc,"Tình Cảm, Hài Hước, Chính kịch, Tâm Lý, Gia Đình",HD
216,Ai Oán Trong Vườn Xuân,Hoàn thành,Ku Born,91 Phút,Vietsub,2024,Hàn Quốc,Kinh Dị,HD
217,Âm Dương Sư 0: Khởi Nguồn,Hoàn thành,Shimako Satō,112phút,Vietsub,2024,Nhật Bản,"Bí ẩn, Cổ Trang",HD
218,Thẩm Phán Từ Địa Ngục,Hoàn thành,Park Jin Pyo,60 phút/tập,Vietsub,2024,Hàn Quốc,"Tâm Lý, Tình Cảm, Chính kịch, Phiêu Lưu, Bí ẩn, Viễn Tưởng",HD
219,3 Câu Chuyện Tình,Hoàn thành,"Roman Perez Jr., Omar Deroca, Sigrid Polon",119 phút,Vietsub,2024,Philippines,"Chính kịch, Phim 18+",FHD
220,Mảnh Tình Sát Vách,Hoàn thành,Mac Alejandre,107 phút,Vietsub,2023,Philippines,"Chính kịch, Phim 18+",FHD
221,Tình Mơ,Hoàn thành,Jon Red,86 phút,Vietsub,2024,Philippines,"Chính kịch, Tình Cảm, Phim 18+",FHD
222,Trí Tuệ Kép,Hoàn thành,Puri Jagannadh,162 phút,Vietsub,2024,Ấn Độ,"Hành Động, Khoa Học, Viễn Tưởng, Tâm Lý",FHD
223,Lưỡi Dao Chiến Tranh,Hoàn thành,Nicholas Winter,94 phút,Vietsub,2024,Anh,"Chiến Tranh, Tâm Lý",FHD
224,Thế Giới Ảo Ma,Hoàn thành,Adam Stern,92 phút,Vietsub,2024,Canada,"Hành Động, Khoa Học, Viễn Tưởng, Tâm Lý",FHD
225,Gia Đạo Trung Nhị,Đang chiếu,Đang cập nhật,7 phút/tập,Vietsub,2024,Trung Quốc,"Hài Hước, Hoạt Hình",FHD
226,Đố Anh Còng Được Tôi,Sắp chiếu,Ryoo Seung Wan,118 phút,VietSub,2024,Hàn Quốc,"Hài Hước, Chính kịch, Phiêu Lưu, Hành Động",HD
227,Hai Tay Súng Huyền Thoại,Hoàn thành,Justin Lee,91 Phút,Vietsub,2022,Âu Mỹ,Hành Động,HD
228,Ngạo Tửu Giang Hồ,Hoàn thành,Lý Đạt Siêu,45 phút/tập,Thuyết Minh,2006,Trung Quốc,"Hành Động, Tình Cảm, Võ Thuật",HD
229,Mật Ngọt Cấm Kỵ,Đang chiếu,Nuchy Anucha Boonyawatana,60 phút/tập,VietSub,2024,Thái Lan,"Tình Cảm, Chính kịch, Tâm Lý",HD
230,Men Say Tình Yêu,Đang chiếu,Park Seon Ho,70 phút /tập,VietSub,2024,Hàn Quốc,"Hài Hước, Chính kịch, Tâm Lý, Gia Đình",HD
231,Vẫn Mãi Là Em,Hoàn thành,Dream Thanika,85 phút/tập,Lồng Tiếng,2021,Thái Lan,"Hài Hước, Tình Cảm, Tâm Lý",FHD
232,Đôi Hai,Hoàn thành,Shashanka Chaturvedi,127 Phút,Vietsub,2024,Ấn Độ,"Hình Sự, Chính kịch, Bí ẩn",HD
233,Sơ Nhan,Đang chiếu,九木,9 phút/tập,Vietsub,2024,Trung Quốc,"Chính kịch, Cổ Trang",HD
234,Hạnh Phúc Bị Đánh Cắp,Đang chiếu,Nhâm Minh Hiền,60 phút/tập,Vietsub,2024,Việt Nam,"Tình Cảm, Tâm Lý",FHD
235,Thoát Khỏi Xiềng Xích,Hoàn thành,Nikkhil Advani,151 phút,Vietsub,2024,Ấn Độ,"Hành Động, Chính kịch, Tâm Lý",FHD
236,Bầy Rùa Vô Tận,Hoàn thành,Hannah Marks,109 phút,Vietsub,2024,Âu Mỹ,"Chính kịch, Tình Cảm",FHD
237,Linh Hồn Vũ Nữ 2: Nghi Thức Hồi Sinh,Hoàn thành,Kimo Stamboel,122 phút 46 giây,VietSub,2024,Indonesia,"Kinh Dị, Tâm Lý, Phiêu Lưu, Bí ẩn",HD
238,Đặc Vụ Vô Hình,Hoàn thành,Anthony Russo,105 Phút,Vietsub,2022,Âu Mỹ,"Hành Động, Phiêu Lưu",HD
239,The Gray Man: Đặc vụ vô hình,Hoàn thành,"Anthony Russo, Joe Russo",2g 9phút,Vietsub,2022,Âu Mỹ,"Hành Động, Phiêu Lưu",HD
240,Đặc Vụ Vô Hình,Hoàn thành,Yi Huang,97 phút,Vietsub,2024,Trung Quốc,"Chính kịch, Hình Sự, Gây Cấn",FHD
241,Chọn Làm Người Một Nhà,Đang chiếu,Kim Seung Ho,70 phút/tập,VietSub,2024,Hàn Quốc,"Tình Cảm, Hài Hước, Chính kịch, Tâm Lý, Gia Đình",HD
242,Hẹn Gặp Giáng Sinh Sau,Hoàn thành,Rusty Cundieff,105 Phút,Vietsub,2024,Âu Mỹ,"Hài Hước, Tình Cảm, Phim lẻ, Lãng Mạn",HD
243,Người Tình Yêu Dấu Của Tôi,Đang chiếu,Aew Ampaiporn Jitmaingong,60 Phút / Tập,Vietsub,2024,Thái Lan,Tình Cảm,HD
244,Tín Hiệu Cầu Cứu,Hoàn thành,Zoë Kravitz,103 Phút,Vietsub,2024,Âu Mỹ,"Bí ẩn, Phiêu Lưu, Hành Động, Phim lẻ, Gây Cấn",HD
246,Nữ Hoàng Ayodhaya,Đang chiếu,Sant Srikaewlaw,60 Phút/ Tập,VietSub,2024,Thái Lan,"Kinh Dị, Phiêu Lưu, Hành Động, Bí ẩn",HD
247,Mật Mã Đỏ,Sắp chiếu,Jake Kasdan,124 Phút,Vietsub,2024,Âu Mỹ,"Hành Động, Hài Hước, Phiêu Lưu, Phim Hài, Phim lẻ",HD
248,Bí Mật Trang Trại Nho,Hoàn thành,Brande Roderick,100 phút,Vietsub,2023,Âu Mỹ,"Phim lẻ, Kinh Dị, Gây Cấn, Phiêu Lưu",HD
249,Đối Mặt,Đang chiếu,Ahn Sang Hoon,70 phút/tập,VietSub,2024,Hàn Quốc,"Tình Cảm, Chính kịch, Tâm Lý, Hình Sự, Khoa Học, Phim bộ",HD
250,Xuyên Không Cải Mệnh Gia Tộc,Hoàn thành,Jaturong Mokjok,120 phút,Vietsub,2024,Thái Lan,"Hài Hước, Gia Đình, Hành Động",HD
251,Dòng Chảy Thời Gian,Hoàn thành,Rodrigo Prieto,131 phút,Vietsub,2024,Mexico,"Chính kịch, Bí ẩn, Tâm Lý, Viễn Tưởng",FHD
252,10 ngày của một người tò mò,Hoàn thành,Uluç Bayraktar,110 phút,Vietsub,2024,Thổ Nhĩ Kỳ,"Hình Sự, Chính kịch, Phim lẻ",FHD
253,Hẹn Hò Với Ông Già Tuyết,Hoàn thành,Jose Sierra,98 Phút,Vietsub,2023,Mexico,"Hài Hước, Chính kịch, Phim lẻ",HD
363,Hung Bạo,Hoàn thành,Larry Clark,113 Phút,Vietsub,2001,Âu Mỹ,"Chính kịch, Hình Sự",HD
254,Tấn Văn Công Truyền Kỳ (Giấc Mộng Quyền Lực),Hoàn thành,Tiêu Hiển Huy,45 Phút/Tập,Lồng Tiếng,1989,Hồng Kông,"Phim bộ, Lịch Sử, Cổ Trang",HD
255,Lửa Tình Tựa Băng Giá,Đang chiếu,Intanon Ratanakarn,45 phút/tập,Vietsub,2024,Thái Lan,"Chính kịch, Tình Cảm, Phim bộ, Lãng Mạn",HD
256,Sweetpea,Đang chiếu,Ella Jones,42 phút/ tập,VietSub,2024,Anh,"Hài Hước, Chính kịch, Hành Động, Bí ẩn",HD
257,Bác Sĩ Thiên Tài (Bản Thái),Đang chiếu,Off Monthon Arayangkoon,70 phút/tập,VietSub,2024,Thái Lan,"Tình Cảm, Chính kịch, Tâm Lý, Khoa Học",HD
258,Bắt Cóc,Đang chiếu,Noom Attaporn Teemarkorn,60 phút/tập,VietSub,2024,Thái Lan,"Phiêu Lưu, Hành Động, Bí ẩn",HD
259,Yêu Là Phải Thử,Hoàn thành,Oh Kritsada Techanilobon,43 Phút/Tập,Vietsub,2024,Thái Lan,"Phim bộ, Phim đang chiếu, Tâm Lý, Tình Cảm",HD
260,Đảo Hải Tặc: Phần Về Biển Đông,Hoàn thành,Takashi Otsuka,106 phút,Vietsub,2017,Nhật Bản,"Phim lẻ, Hành Động, Phiêu Lưu, Hoạt Hình",HD
261,Đảo Hải Tặc 13: GOLD,Hoàn thành,Hiroaki Miyamoto,120 phút,Vietsub,2016,Nhật Bản,"Hành Động, Hoạt Hình, Phiêu Lưu, Hài Hước",HD
262,Đảo Hải Tặc 14: Lễ Hội Hải Tặc,Hoàn thành,Takashi Otsuka,101 Phút,Vietsub,2019,Nhật Bản,"Hành Động, Phiêu Lưu, Gia Đình, Hoạt Hình",HD
263,Đồng Phạm,Hoàn thành,Guo Dong Xi,1H35M7S,Vietsub,2013,Hàn Quốc,"Hình Sự, Kinh Dị, Gia Đình",HD
264,Hỏa Long Đối Quyết,Hoàn thành,"Dante Lam, Lam Chiu Yin",1H41M43S,Vietsub,2010,Trung Quốc,"Hành Động, Tâm Lý",HD
265,Hắc Bạch Quyết,Đang chiếu,Jack Zhao,45 phút/tập,VietSub,2024,Trung Quốc,"Chính kịch, Hành Động, Bí ẩn, Hình Sự",HD
266,Ông Plankton Phần 1,Hoàn thành,Hong Jong Chan,70 phút/ tập,VietSub,2024,Hàn Quốc,"Tình Cảm, Chính kịch, Phim bộ, Lãng Mạn",HD
267,Thất Tiếu,Đang chiếu,Xa Lượng Dật,45 phút/tập,VietSub,2024,Trung Quốc,"Tình Cảm, Chính kịch, Tâm Lý, Phim bộ, Phim đang chiếu, Lãng Mạn",HD
268,Kẻ Phản Bội Thân Mật,Đang chiếu,Song Yeon Hwa,70 phút/ tập,VietSub,2024,Hàn Quốc,"Tình Cảm, Chính kịch, Tâm Lý, Bí ẩn, Hình Sự",HD
269,Vijay 69,Hoàn thành,Akshay Roy,112 Phút,Vietsub,2024,Ấn Độ,"Hài Hước, Chính kịch",HD
270,Linh Mục Nhiệt Huyết 2,Đang chiếu,Park Bo Ram,35 phút/tập,Vietsub,2024,Hàn Quốc,"Hài Hước, Hình Sự, Chính kịch, Phim bộ, Phim đang chiếu, Gây Cấn",HD
271,Góc Khuất Gangnam (Bên lề Gangnam),Đang chiếu,Park Noo Ri,60 phút/ tập,Vietsub,2024,Hàn Quốc,"Hành Động, Tâm Lý, Chính kịch, Phiêu Lưu, Hình Sự, Gây Cấn",HD
273,Trầm Hương Như Mộng,Đang chiếu,姜炫亦,13 phút/tập,Vietsub,2024,Trung Quốc,"Chính kịch, Cổ Trang, Tình Cảm, Phim bộ, Lãng Mạn",FHD
274,Cô Gái Sống Trong Cơ Thể Tôi,Đang chiếu,Ma Ding,19 phút/tập,Vietsub,2024,Trung Quốc,"Chính kịch, Tình Cảm, Hài Hước, Cổ Trang",HD
275,Rèm Ngọc Châu Sa,Đang chiếu,Tạ Trạch,40 phút/tập,Vietsub,2024,Trung Quốc,Cổ Trang,HD
276,Mộng Nam Kha,Đang chiếu,Liu Hao Nan,12 phút/tập,Vietsub,2024,Trung Quốc,"Phim bộ, Phim đang chiếu, Giả Tưởng, Cổ Trang, Tình Cảm, Chính kịch, Lãng Mạn",HD
277,Canh Bạc Ái Tình,Hoàn thành,Meaw Pawanrat Naksuriya,55 phút/ tập,Vietsub,2024,Thái Lan,"Tình Cảm, Tâm Lý",HD
279,Thời Niên Thiếu Của Bao Thanh Thiên 1,Hoàn thành,Hồ Minh Khải,45 Phút/Tập,Lồng Tiếng,2000,Trung Quốc,"Phim bộ, Hình Sự, Chính kịch, Cổ Trang",HD
280,Trò Chơi Đuổi Bắt W: Nàng Sếp Cậy Quyền Bắt Nạt Đấy Là Người Yêu Cũ Của Tôi,Hoàn thành,Ota Yu,45 Phút/tập,VietSub,2024,Thái Lan,"Tình Cảm, Chính kịch, Tâm Lý",HD
281,Ngược Dòng Thời Gian Để Yêu Anh,Hoàn thành,Đang cập nhật,45 phút/tập,VietSub,2018,Thái Lan,"Tình Cảm, Tâm Lý",HD
282,Họ Nhân Bản Tyrone,Hoàn thành,Juel Taylor,122 phút,Vietsub,2023,Âu Mỹ,"Hài Hước, Bí ẩn, Viễn Tưởng",HD
283,Cung Tỏa Tâm Ngọc,Hoàn thành,Jiang Guangtao,45 phút/tập,VietSub,2011,Trung Quốc,"Tình Cảm, Chính kịch, Tâm Lý, Cổ Trang",HD
284,Run and Kill,Hoàn thành,Billy Tang,1h 31m,Vietsub,1993,Hồng Kông,Hành Động,HD
285,Thiên Thần Hủy Diệt 1,Hoàn thành,Wai Lit,92 phút,Vietsub,1992,Hồng Kông,Hành Động,HD
286,Người Hầu,Hoàn thành,Dae-Woo Kim,124 phút,Vietsub,2010,Hàn Quốc,"Tình Cảm, Chính kịch",HD
287,IC 814: Không Tặc Kandahar,Hoàn thành,Anubhav Sinha,40 phút/tập,Vietsub,2024,Ấn Độ,Chính kịch,HD
288,Kẻ Hủy Diệt Zero,Hoàn thành,Masashi Kudô,25 phút/tập,Vietsub,2024,Nhật Bản,"Phiêu Lưu, Hành Động, Viễn Tưởng, Hoạt Hình",HD
289,Tinh Hoa Muay,Hoàn thành,Robert Grasmere,101 phút,Vietsub,2024,Âu Mỹ,Hành Động,HD
290,Gấu Brigsby,Hoàn thành,Dave McCary,97 phút,Vietsub,2017,Âu Mỹ,"Hài Hước, Chính kịch",HD
291,Cô Hầu Phòng ở Manhattan,Hoàn thành,Wayne Wang,105 phút,Vietsub,2002,Âu Mỹ,"Hài Hước, Chính kịch",HD
292,Bố Là Gấu Bắc Cực,Hoàn thành,Maya Forbes,87 phút,Vietsub,2014,Âu Mỹ,"Hài Hước, Chính kịch",HD
293,Anh Em Nhà Solomon,Hoàn thành,Bob Odenkirk,93 phút,Vietsub,2007,Âu Mỹ,Hài Hước,HD
294,Câu Lạc Bộ Vợ Cả,Hoàn thành,Hugh Wilson,102 phút,Vietsub,1996,Âu Mỹ,Hài Hước,HD
295,Khởi Nguyên Kỳ Diệu,Hoàn thành,Stella Meghie,96 phút,Vietsub,2017,Âu Mỹ,Chính kịch,HD
296,Tốc Độ,Hoàn thành,Jan de Bont,116 phút,Vietsub,1994,Âu Mỹ,Hành Động,HD
297,Tình Nhân Bên Hồ,Hoàn thành,Michael Mayer,98 phút,Vietsub,2018,Âu Mỹ,"Hài Hước, Chính kịch",HD
298,Trận chiến đồi 400,Hoàn thành,Christopher Ray,87 phút,Vietsub,2023,Âu Mỹ,"Hành Động, Chiến Tranh",HD
300,Khu Vườn Huyền Bí,Hoàn thành,Marc Munden,99 phút,Vietsub,2020,Pháp,"Chính kịch, Gia Đình",HD
301,Alice Trăng Rằm,Hoàn thành,Zhang Linzi,103 phút,Vietsub,2020,Trung Quốc,"Tình Cảm, Hài Hước",HD
302,Chuyện Tình Của Mary,Hoàn thành,"Peter Farrelly, Bobby Farrelly",119 Phút,Vietsub,1997,Âu Mỹ,"Tình Cảm, Hài Hước",HD
303,Rất Muốn Đến Thế Giới Của Em Để Yêu Em,Hoàn thành,Tôn Lâm,94 phút,Vietsub,2022,Trung Quốc,"Tình Cảm, Chính kịch",HD
304,Nơi Chở Che Cho Con,Hoàn thành,Ron Krauss,101 phút,Vietsub,2013,Âu Mỹ,"Chính kịch, Tâm Lý",HD
305,Mỗi Ngày Một Thân Xác,Hoàn thành,Michael Sucsy,97 phút,Vietsub,2018,Âu Mỹ,Tình Cảm,HD
306,Cô Vợ Hờ,Hoàn thành,Dennis Dugan,117 phút,Vietsub,2011,Âu Mỹ,"Tình Cảm, Hài Hước",HD
307,Quyền Lực Ngầm,Hoàn thành,James Gray,118 phút,Vietsub,2007,Âu Mỹ,"Chính kịch, Hình Sự",HD
308,Ác Quỷ Đối Đầu,Hoàn thành,Won-Chan Hong,1H43M49S,Vietsub,2020,Hàn Quốc,"Hành Động, Bí ẩn",HD
309,Địch Nhân Kiệt: Khế Ước Minh Thần,Hoàn thành,Bàng Ánh Hóa,76 phút,Vietsub,2022,Trung Quốc,"Chính kịch, Bí ẩn",HD
310,Cứu Rỗi Linh Hồn,Hoàn thành,Lee Daniels,112 Phút,Vietsub,2024,Âu Mỹ,Kinh Dị,HD
311,Lời Tiên Tri Lượng Tử Q18,Đang chiếu,Zero Chou,47 phút/tập,Vietsub,2024,Đài Loan,"Viễn Tưởng, Khoa Học, Bí ẩn",HD
312,Vĩnh Dạ Trường Minh,Hoàn thành,Wu Cheng Feng,45 phút/tập,VietSub,2024,Trung Quốc,"Tình Cảm, Tâm Lý, Phiêu Lưu, Cổ Trang, Võ Thuật",HD
313,SunsetxVibes: Rung Cảm Hoàng Hôn,Hoàn thành,Puwadon Naosopa,45 phút/tập,VietSub,2024,Thái Lan,"Tình Cảm, Chính kịch, Tâm Lý",HD
314,Tinh Hà Xán Lạn,Hoàn thành,Phí Chấn Tường,45 phút/tập,Vietsub,2022,Trung Quốc,"Tình Cảm, Cổ Trang",HD
315,Thần Thoại 2,Hoàn thành,Mã Sở Thành,129Phút,Vietsub,2024,Trung Quốc,"Hành Động, Phiêu Lưu, Chính kịch",HD
316,Trần Thiên Thiên Trong Lời Đồn,Hoàn thành,Tra Truyền Nghị,45 phút/tập,Vietsub,2020,Trung Quốc,"Hài Hước, Cổ Trang, Viễn Tưởng",HD
317,Giọng Nói Lừa Đảo,Hoàn thành,Kim Gok,1 giờ 30phút,Vietsub,2021,Hàn Quốc,"Hành Động, Bí ẩn, Hình Sự",HD
318,Mộ Sông,Hoàn thành,1,1H59M22S,Vietsub,2021,Hàn Quốc,Hành Động,HD
319,Đẹp Trai Thấy Sai Sai,Hoàn thành,Nam Dong Hyeop,101phút,Lồng Tiếng,2024,Hàn Quốc,"Hài Hước, Kinh Dị, Tâm Lý, Bí ẩn",HD
320,Ngọn Lửa,Hoàn thành,Karim Aïnouz,120 phút,Vietsub,2024,Âu Mỹ,Chính kịch,HD
322,SUGA: Road to D-DAY,Hoàn thành,Park Jun-soo,81 phút,Vietsub,2023,Hàn Quốc,Âm Nhạc,HD
323,Biệt Đội Thuốc Lá,Hoàn thành,Quentin Dupieux,80 phút,Vietsub,2022,Pháp,Hài Hước,HD
324,Nữ Sinh Cuồng Yêu,Hoàn thành,Stasya Tolstaya,96 phút,Vietsub,2024,Nga,Phim 18+,HD
325,Cha Dượng,Hoàn thành,Nelson McCormick,101 phút,Vietsub,2009,Âu Mỹ,Kinh Dị,HD
326,Nữ Tặc Nhà Giàu,Hoàn thành,Fred Wolf,97 phút,Vietsub,2008,Âu Mỹ,Hài Hước,HD
327,Sự Khác Biệt,Hoàn thành,Cindy Chupack,100 phút,Vietsub,2019,Âu Mỹ,Hài Hước,HD
329,Ninja Rùa 2: Đập Tan Bóng Tối,Hoàn thành,Dave Green,1 giờ 30phút,Vietsub,2016,Âu Mỹ,"Hành Động, Phiêu Lưu",HD
330,Trùng Khởi Chi Cực Hải Thính Lôi,Hoàn thành,ANZI PAN,45 Phút/Tập,Vietsub,2020,Trung Quốc,"Phiêu Lưu, Bí ẩn, Viễn Tưởng",HD
331,Giáng Sinh Vùng Quê,Hoàn thành,Maclain Nelson,84 phút,Vietsub,2018,Trung Quốc,"Tình Cảm, Chính kịch",HD
332,Gai Tình,Đang chiếu,Xi Zi,15 phút/tập,Vietsub,2024,Trung Quốc,"Hành Động, Cổ Trang, Tình Cảm",HD
333,Doraemon: Nobita Và Bản Giao Hưởng Địa Cầu,Hoàn thành,Kazuaki Imai,1 giờ 30 phút,VietSub,2024,Nhật Bản,"Viễn Tưởng, Phiêu Lưu, Khoa Học",HD
334,Gió Thổi Bán Hạ (Dã Man Sinh Trưởng),Hoàn thành,"Fu Dong Yu, Mao Wei",46 phút/tập,Thuyết Minh,2022,Trung Quốc,"Tâm Lý, Gia Đình",HD
335,Vô Chủ Chi Thành,Hoàn thành,Zhao Tian Yu,42M1S,Vietsub,2019,Trung Quốc,"Phiêu Lưu, Kinh Dị, Bí ẩn",HD
336,Gia Sư Đa Tình,Hoàn thành,Ryan Evangelista,1 giờ 30phút,VietSub,2024,Philippines,"Tâm Lý, Phim 18+",HD
337,Phong Tỏa,Hoàn thành,Ryan C Jaeger,1 giờ 30phút,VietSub,2024,Âu Mỹ,"Tâm Lý, Hành Động",HD
338,Khi Bầy Sói Xuất Hiện,Hoàn thành,Adam MacDonald,1 giờ 30phút,VietSub,2024,Canada,"Tâm Lý, Phiêu Lưu, Hành Động",HD
339,Bạn Gái Yêu Quái của Tôi,Hoàn thành,Miki Takahiro,35 phút/tập,VietSub,2024,Nhật Bản,"Tình Cảm, Chính kịch, Tâm Lý, Phiêu Lưu, Hành Động, Viễn Tưởng",HD
340,Trai Bao Ống Nước,Hoàn thành,Topel Lee,118 phút,Vietsub,2022,Philippines,"Chính kịch, Phim 18+",HD
341,Mất Tích 3,Hoàn thành,Jack Bender,45 Phút/Tập,Vietsub,2006,Âu Mỹ,"Chính kịch, Phiêu Lưu, Viễn Tưởng",HD
342,Mất Tích 4,Hoàn thành,Jack Bender,45 Phút/Tập,Vietsub,2008,Âu Mỹ,"Chính kịch, Phiêu Lưu, Viễn Tưởng",HD
343,Pamali: Làng Tử Thi,Hoàn thành,Bobby Prasetyo,97 phút,Vietsub,2023,Indonesia,"Kinh Dị, Bí ẩn",HD
344,Thiên Thần Hủy Diệt 2,Hoàn thành,Tony Lou Chun-Ku,93 phút,Vietsub,1992,Hồng Kông,"Chính kịch, Hành Động",HD
345,Bạn Cùng Phòng,Hoàn thành,Isao Yukisada,118 phút,Vietsub,2010,Nhật Bản,Chính kịch,HD
346,Thỏa Thuận Với Quỷ Dữ,Hoàn thành,Lee Won-tae,116 phút,Vietsub,2023,Hàn Quốc,"Chính kịch, Hình Sự",HD
347,Maksym Osa: Vàng Của Người Sói,Hoàn thành,Myroslav Latyk,100 phút,Vietsub,2022,Nga,Bí ẩn,HD
348,Asterix Và Obelix: Vương Quốc Trung Cổ,Hoàn thành,Guillaume Canet,112 phút,Vietsub,2023,Pháp,"Hài Hước, Phiêu Lưu, Gia Đình",HD
350,Nữ Chiến Binh,Hoàn thành,Dallas King,95 phút,Vietsub,2019,Âu Mỹ,"Chính kịch, Hành Động, Hình Sự",HD
351,Mộc Phủ Phong Vân,Hoàn thành,Vu Vinh Quang,42 Phút/Tập,VietSub,2012,Trung Quốc,"Tình Cảm, Chính kịch, Tâm Lý, Cổ Trang",HD
352,Người Vợ Thân Quen (Bản Thái),Hoàn thành,Liaw Kittikorn Liawsirikun,60 phút/tập,Thuyết Minh,2024,Thái Lan,"Tình Cảm, Chính kịch, Tâm Lý",HD
353,Gia Sư,Hoàn thành,Jordan Ross,92 phút,Vietsub,2023,Âu Mỹ,Bí ẩn,HD
355,Nữ Sinh Ngoan Hiền,Hoàn thành,Artemio Abad,52 phút,Vietsub,2024,Philippines,Phim 18+,HD
356,Anita: Nữ thần Thụy Điển,Hoàn thành,Torgny Wickman,95 phút,Vietsub,1973,Pháp,Phim 18+,HD
357,Mất Tích 6,Hoàn thành,Jack Bender,45 Phút/Tập,Vietsub,2010,Âu Mỹ,"Chính kịch, Phiêu Lưu, Viễn Tưởng",HD
358,Mất Tích 5,Hoàn thành,Jack Bender,45 Phút/Tập,Vietsub,2009,Âu Mỹ,"Chính kịch, Phiêu Lưu, Viễn Tưởng",HD
359,Giếng Quỷ,Hoàn thành,Federico Zampaglione,91 phút,Vietsub,2024,Ý,Phiêu Lưu,HD
361,Nữ Sát Nhân,Hoàn thành,Lucky McKee,102 phút,Vietsub,2011,Âu Mỹ,"Chính kịch, Kinh Dị",HD
362,Mười Sáu Ngọn Nến,Hoàn thành,John Hughes,93 phút,Vietsub,1984,Âu Mỹ,"Tình Cảm, Hài Hước",HD
364,Chiến Thần Tam Giới,Hoàn thành,Nag Ashwin,176 phút,Vietsub,2024,Ấn Độ,"Chính kịch, Hành Động, Viễn Tưởng",HD
365,Nhà Nghỉ Bates 4,Hoàn thành,Tucker Gates,45 Phút/Tập,Vietsub,2016,Âu Mỹ,"Chính kịch, Kinh Dị, Bí ẩn",HD
366,Biệt Đội Săn Mồi,Hoàn thành,M. J. Bassett,106 phút,Vietsub,2020,Âu Mỹ,"Phiêu Lưu, Hành Động",HD
367,Bùa Hình Nhân,Hoàn thành,Phontharis Chotkijsadarsopon,107 phút,Vietsub,2023,Thái Lan,Kinh Dị,HD
369,Chuyện Rùng Rợn Ở Amityville,Hoàn thành,Andrew Douglas,90 Phút,Vietsub,2005,Âu Mỹ,Kinh Dị,HD
370,Trận Chiến Cảng Arthur,Hoàn thành,Toshio Masuda,185 Phút,Vietsub,1980,Nhật Bản,"Chính kịch, Chiến Tranh",HD
372,Thiết Huyết Nam Nhi,Hoàn thành,Trang Vĩ Kiện,45 phút/tập,Vietsub,1991,Hồng Kông,"Hành Động, Hình Sự",HD
373,Mission of the Warriors,Hoàn thành,"Mộng Kế, Vương Dĩ",45 phút/tập,Vietsub,2001,Trung Quốc,"Cổ Trang, Võ Thuật",HD
374,Bắc Đẩu Song Hùng,Hoàn thành,Lý Đình Luân,45 phút/tập,Vietsub,1983,Hồng Kông,"Tình Cảm, Tâm Lý",HD
376,Dovbush,Hoàn thành,Oles Sanin,2h 3m,Vietsub,2023,Ukraina,Chính kịch,HD
377,Nhục Cảm,Hoàn thành,Pedro Almodóvar,1h 40m,Vietsub,1997,Tây Ban Nha,Tình Cảm,HD
378,Dọc Đường Gió Bụi,Hoàn thành,James Mangold,136 phút,Vietsub,2005,Âu Mỹ,"Chính kịch, Âm Nhạc",HD
379,Anh Giai Nằm Vùng,Hoàn thành,Malcolm D. Lee,86 phút,Vietsub,2002,Âu Mỹ,"Hài Hước, Hành Động",HD
380,Ký Ức Tuổi Thơ,Hoàn thành,Nick Cheuk,95 phút,Vietsub,2023,Hồng Kông,Chính kịch,HD
381,Dersu Uzala,Hoàn thành,Akira Kurosawa,2h 22m,Vietsub,1975,Âu Mỹ,"Chính kịch, Phiêu Lưu",HD
382,John Adams,Hoàn thành,Tom Hooper,60 phút/tập,Vietsub,2008,Âu Mỹ,Chính kịch,HD
383,Gặp Em Ở Manhattan,Hoàn thành,Lý Cự Nguyên,103 phút,Thuyết Minh,2017,Trung Quốc,Tâm Lý,HD
384,Cớm Bẩn,Hoàn thành,Chris Fisher,97 phút,Vietsub,2006,Âu Mỹ,"Chính kịch, Hình Sự",HD
385,Giáng Sinh Của Carol,Hoàn thành,Michael M. Scott,84 phút,Vietsub,2012,Canada,"Tâm Lý, Gia Đình",HD
386,Yêu Nữ Rắn Đen,Hoàn thành,Joe D'Amato,97 Phút,Vietsub,1976,Ý,"Chính kịch, Kinh Dị",HD
387,The Wasted Times,Hoàn thành,Cheng Er,2h 3m,Vietsub,2016,Trung Quốc,"Chính kịch, Hình Sự",HD
388,Good Grief,Hoàn thành,Daniel Levy,1g 40phút,Vietsub,2024,Âu Mỹ,Chính kịch,HD
389,Trở lại điểm xuất phát,Hoàn thành,Josh Berman,1g 43phút,Vietsub,2023,Âu Mỹ,"Tài Liệu, Thể Thao",HD
391,Khu Rừng Tuổi Thơ,Hoàn thành,Yim Soon-rye,99 phút,Thuyết Minh,2018,Hàn Quốc,"Tâm Lý, Gia Đình",HD
392,Cặp Đôi Hoàn Hảo 1,Hoàn thành,Susanne Bier,45 Phút/Tập,Vietsub,2024,Âu Mỹ,"Chính kịch, Hình Sự",HD
394,Dhevaprom: Poncheewan,Hoàn thành,King Somching Srisupap,45 phút/tập,VietSub,2024,Thái Lan,"Tình Cảm, Chính kịch, Tâm Lý",HD
395,Vương Hậu Margot,Hoàn thành,Patrice Chéreau,138 phút,Vietsub,1994,Pháp,Chính kịch,HD
396,Ác Quỷ Sàn Catwalk,Hoàn thành,Nicolas Winding Refn,106 phút,Vietsub,2016,Âu Mỹ,Tâm Lý,HD
397,Dìdi,Hoàn thành,Sean Wang,94 phút,Vietsub,2024,Âu Mỹ,"Hài Hước, Chính kịch",HD
398,Chú Chó Đeo Giày Marcel,Hoàn thành,Dean Fleischer-Camp,90 Phút,Vietsub,2022,Âu Mỹ,"Hài Hước, Chính kịch, Phiêu Lưu, Gia Đình",HD
400,Mẹ Tôi Là Rocker,Hoàn thành,Jonathan Demme,100 phút,Vietsub,2015,Âu Mỹ,"Hài Hước, Chính kịch, Âm Nhạc",HD
403,Nghi Phạm Số 0,Hoàn thành,E. Elias Merhige,99 phút,Vietsub,2004,Âu Mỹ,Hình Sự,HD
405,Nữ Hiệp Xuất Sắc,Đang chiếu,杨泰,15 phút/tập,Vietsub,2024,Trung Quốc,"Chính kịch, Tình Cảm, Tâm Lý, Cổ Trang",HD
406,Ác Linh Trong Xác Mẹ,Hoàn thành,Hadrah Daeng Ratu,96 Phút,Vietsub,2024,Indonesia,"Kinh Dị, Chính kịch",HD
408,Di Tản An Toàn Từ Thế Kỷ 21,Hoàn thành,Li Yang,98 Phút,Vietsub,2024,Trung Quốc,"Hài Hước, Viễn Tưởng",HD
409,Cô Nương Ham Tiền,Hoàn thành,Li Tian,45 phút/tập,VietSub,2024,Trung Quốc,"Tình Cảm, Hài Hước, Chính kịch, Tâm Lý, Cổ Trang",HD
410,Đả Nữ Báo Thù,Hoàn thành,오승욱,114Phút,Vietsub,2024,Hàn Quốc,Hình Sự,CAM
411,Cuồng Phong,Hoàn thành,Từ Kỷ Châu,46 phút/tập,Vietsub,2023,Trung Quốc,"Hành Động, Tâm Lý, Hình Sự, Phiêu Lưu",FHD
412,Tứ Phương Quán,Hoàn thành,Zhao Qi Chen,45 phút/tập,Thuyết Minh,2024,Trung Quốc,"Tình Cảm, Hài Hước, Chính kịch, Tâm Lý, Cổ Trang",HD
413,Ngũ Hiệp Khách Hoang Dã,Hoàn thành,Wei Zhi,1 giờ 30phút,VietSub,2024,Trung Quốc,"Hài Hước, Tâm Lý, Viễn Tưởng",HD
414,Trò Chơi Sinh Tử,Hoàn thành,Guo Shuang,1 giờ 30phút,VietSub,2024,Trung Quốc,"Phiêu Lưu, Hành Động, Cổ Trang, Võ Thuật",HD
415,Vén Màn Tội Ác,Hoàn thành,Kim Sung Yong,60 phút/tập,Thuyết Minh,2021,Hàn Quốc,"Hành Động, Tâm Lý, Hình Sự, Phiêu Lưu",HD
416,Liễu Chu Ký (Kiều Tàng),Hoàn thành,"Lưu Quốc Nam, Tùng Hiểu",45 phút/tập,Thuyết Minh,2024,Trung Quốc,"Tình Cảm, Chính kịch, Cổ Trang",HD
417,Cần Sự Lãng Mạn,Hoàn thành,"Jung-hyo Lee, Zhang Rong You",46M14S,Vietsub,2012,Hàn Quốc,"Tình Cảm, Gia Đình",HD
418,Vua Học Đường,Hoàn thành,Yoo Je Won,65 phút/tập,Thuyết Minh,2014,Hàn Quốc,"Tình Cảm, Tâm Lý, Gia Đình, Học Đường",HD
420,Ngày Nắng Đẹp,Hoàn thành,Quan He Can,1H1M46S,Vietsub,2014,Hàn Quốc,"Tình Cảm, Tâm Lý",HD
421,Long Châu Truyền Kỳ,Hoàn thành,"Chu Thiểu Kiệt, Chu Viễn Chu",35 phút/tập,Thuyết Minh,2017,Trung Quốc,"Cổ Trang, Võ Thuật",HD
422,Cuộc Đời Thứ Hai,Hoàn thành,Huo Sui Qiang,1 giờ 30phút,VietSub,2024,Trung Quốc,"Tâm Lý, Phiêu Lưu, Hành Động, Bí ẩn, Hình Sự, Võ Thuật",HD
423,Phù Thủy Tình Yêu,Hoàn thành,Li Zheng Xiao,1H1M24S,Thuyết minh,2014,Hàn Quốc,Tình Cảm,HD
424,Bộ Bộ Kinh Tâm,Hoàn thành,Lý Quốc Lập,49 phút/tập,Vietsub,2015,Trung Quốc,Cổ Trang,HD
425,Phẩm Chất Quý Ông,Hoàn thành,Woo-chul Shin,1H5M40S,Vietsub,2012,Hàn Quốc,"Tình Cảm, Tâm Lý, Hài Hước, Chính kịch",HD
426,Hôn Nhân Không Hẹn Hò,Hoàn thành,Hyun-Wook Song,1H5M15S,Vietsub,2014,Hàn Quốc,Tình Cảm,HD
427,Kẻ Sát Nhân: Đứa Trẻ Có Thể Chết,Hoàn thành,Choi Jae-hoon,95 Phút,Vietsub,2022,Hàn Quốc,"Hành Động, Hình Sự, Bí ẩn",HD
428,Cho Đến Khi Tôi Phá Hủy Gia Đình Của Chồng,Đang chiếu,"Muroi Takehito, Yoshida Taizo, Ueda Jin",49 phút/tập,Vietsub,2024,Nhật Bản,"Chính kịch, Tình Cảm, Tâm Lý, Gia Đình",HD
429,Hoàng Hậu Woo,Hoàn thành,Jung Se Kyo,45 phút/ tập,Vietsub,2024,Hàn Quốc,"Cổ Trang, Tình Cảm, Chính kịch, Tâm Lý",HD
430,Phàm Nhân Ca,Đang chiếu,Jian Chuan He,45 phút/tập,VietSub,2024,Trung Quốc,"Tình Cảm, Chính kịch, Tâm Lý, Gia Đình",HD
431,Khi Ngón Tay Anh Chạm Vào Hơi Ấm Của Em,Hoàn thành,Yang Kyung Hee,60 phút/tập,VietSub,2024,Hàn Quốc,"Tình Cảm, Tâm Lý, Gia Đình, Học Đường",HD
432,Kết Hôn Rồi Bắt Đầu Yêu,Hoàn thành,"Xu Chi, Xu Chi Dao Yan",41M2S,Thuyết Minh,2020,Trung Quốc,"Tình Cảm, Tâm Lý",HD
433,Ông Bố Đối Đầu,Hoàn thành,표민수,66 phút/tập,Thuyết Minh,2024,Hàn Quốc,Hình Sự,HD
434,Mặt Trời Của Chàng Joo,Hoàn thành,Jin Hyeok,30 phút,VietSub,2013,Hàn Quốc,"Hài Hước, Tâm Lý, Kinh Dị",HD
435,Chuyện Tình Trớ Trêu,Hoàn thành,Topel Lee,101 Phút,Vietsub,2023,Philippines,Chính kịch,HD
436,Đổi Thay,Hoàn thành,Jung Bum Shik,1 giờ 30phút,VietSub,2023,Hàn Quốc,"Tình Cảm, Chính kịch, Tâm Lý, Gia Đình",HD
437,Những Người Thừa Kế,Hoàn thành,"Kang Shin Hyo, Boo Sung Chul",60 phút/tập,VietSub,2013,Hàn Quốc,"Hài Hước, Tâm Lý, Tình Cảm, Chính kịch, Gia Đình",HD
438,Chạy Đâu Cho Thoát,Hoàn thành,Liu Ren Zhi,59 phút/tập,Vietsub,2014,Hàn Quốc,"Tình Cảm, Tâm Lý",HD
439,Chạy Đâu Cho Thoát,Hoàn thành,Liu Sheng Wan,2H3M50S,Vietsub,2015,Hàn Quốc,"Hành Động, Hài Hước, Hình Sự",HD
440,Yêu Từng Centimet,Hoàn thành,Phan Việt,45 phút/tập,Thuyết Minh,2020,Trung Quốc,"Tình Cảm, Tâm Lý",HD
441,Chỉ Có Thể Là Yêu,Hoàn thành,Kyu-tae Kim,58M45S,Vietsub,2014,Hàn Quốc,Tình Cảm,HD
442,Cô Nàng Đẹp Trai,Hoàn thành,Hong Sung Chang,60 phút/tập,Vietsub,2009,Hàn Quốc,"Tình Cảm, Hài Hước, Chính kịch, Tâm Lý",HD
443,Lương Tâm Kẻ Bắt Cóc (Ngày Bắt Cóc),Hoàn thành,Park Yoo Young,45 phút/ tập,VietSub,2023,Hàn Quốc,"Tình Cảm, Chính kịch, Tâm Lý, Bí ẩn, Hình Sự",HD
444,Gia Tài Của Ngoại,Hoàn thành,Pat Boonnitipat,127 phút,VietSub,2024,Thái Lan,"Tình Cảm, Chính kịch, Tâm Lý, Gia Đình",HD
445,Sĩ Quan Đai Đen,Hoàn thành,Jason Kim,1 giờ 30phút,Thuyết Minh,2024,Hàn Quốc,"Tình Cảm, Hài Hước, Tâm Lý, Phiêu Lưu, Hành Động",HD
446,Vũ Thành,Hoàn thành,Tunku Mona Riza,1 giờ 30phút,VietSub,2023,Malaysia,"Chính kịch, Tâm Lý, Gia Đình",HD
448,Quỷ Dữ Quyến Rũ,Hoàn thành,R.J. Daniel Hanna,1 giờ 30phút,VietSub,2024,Âu Mỹ,"Kinh Dị, Tâm Lý, Bí ẩn",HD
449,Bạn Tình,Hoàn thành,Sidney Zaid Pascua,1 giờ 30phút,VietSub,2024,Philippines,Phim 18+,HD
450,Sàn Diễn Tình Yêu,Hoàn thành,Law Fajardo,1 giờ 30phút,VietSub,2024,Philippines,Phim 18+,HD
452,Đấu Trường Sinh Tử,Hoàn thành,Ryan C. Jaeger,1 giờ 30 phút,VietSub,2024,Âu Mỹ,"Tâm Lý, Phiêu Lưu, Hành Động",HD
453,Xấu Xí,Hoàn thành,McG,100phút,VietSub,2024,Âu Mỹ,"Tình Cảm, Hài Hước, Chính kịch, Tâm Lý, Viễn Tưởng, Khoa Học",HD
454,Chàng Nữ Phi Công,Hoàn thành,Kim Han Gyul,111 Phút,VietSub,2024,Hàn Quốc,"Hài Hước, Tình Cảm, Tâm Lý, Phiêu Lưu",HD
455,Dự Án Mật: Thảm Họa Trên Cầu,Hoàn thành,Taegon Kim,1 giờ 30 phút,Thuyết Minh,2024,Hàn Quốc,"Kinh Dị, Tâm Lý, Phiêu Lưu, Bí ẩn",HD
456,Nữ Hoàng Nước Mắt,Hoàn thành,"Jang Young Woo, Kim Hee Won",45 phút/tập,Thuyết Minh,2024,Hàn Quốc,"Tình Cảm, Hài Hước, Tâm Lý, Gia Đình",HD
457,Avatar 2: Dòng Chảy Của Nước,Hoàn thành,James Cameron,120 phút,Vietsub,2022,Âu Mỹ,"Hành Động, Phiêu Lưu",FHD
458,Khu Vườn Hoàng Kim,Hoàn thành,Lee Dae Young,34 phút/tập,Lồng Tiếng,2019,Hàn Quốc,Tình Cảm,HD
459,Người Chưa Từng Sai,Hoàn thành,Boonyathorn Kitiphattakon,45 phút/tập,Thuyết Minh,2024,Thái Lan,"Tình Cảm, Tâm Lý",HD
460,Tình Yêu Trở Về Mái Ấm,Đang chiếu,Kim Da Ye,70 phút/tập,VietSub,2024,Hàn Quốc,"Tình Cảm, Chính kịch, Tâm Lý, Gia Đình",HD
461,Người Chết Trở Về,Hoàn thành,Ha Joon Won,1 giờ 30 phút,VietSub,2024,Hàn Quốc,"Kinh Dị, Tâm Lý, Phiêu Lưu, Bí ẩn, Hình Sự",HD
462,Niên Sử Ký Arthdal: Thanh Gươm Của Aramun,Hoàn thành,Kim Kwang Shik,45 phút/ tập,VietSub,2023,Hàn Quốc,"Tình Cảm, Chính kịch, Tâm Lý, Hành Động, Cổ Trang",HD
463,Doona!,Hoàn thành,Lee Jeong Hyo,60 phút/ tập,VietSub,2023,Hàn Quốc,"Tình Cảm, Tâm Lý",HD
464,Trung học trong trắng,Hoàn thành,"Yuka Yasukawa, Ryō Ōta",52 phút/tập,Vietsub,2024,Nhật Bản,Chính kịch,HD
465,Anh Trai Vượt Mọi Tam Tai,Hoàn thành,Kim Jae Hoon,1 giờ 30phút,VietSub,2024,Hàn Quốc,"Tình Cảm, Hài Hước, Tâm Lý, Phiêu Lưu, Hành Động",HD
466,Thiên Thần Nhân Gian,Hoàn thành,Jon Gunn,118 Phút,Vietsub,2024,Âu Mỹ,Chính kịch,HD
467,Tay đấm Ba Lan,Hoàn thành,Mitja Okorn,150 Phút,Vietsub,2024,Ba lan,Chính kịch,HD
468,Bí mật giới thể thao: Hope Solo vs. Liên đoàn bóng đá Mỹ,Hoàn thành,Nina Meredith,73 Phút,Vietsub,2024,Âu Mỹ,Tài Liệu,HD
469,Apollo 13: Sống sót,Hoàn thành,Pete Middleton,98 Phút,Vietsub,2024,Anh,Tài Liệu,HD
470,Missing,Hoàn thành,Keisuke Yoshida,1 giờ 30phút,VietSub,2024,Nhật Bản,"Tình Cảm, Chính kịch, Tâm Lý",HD
471,Lão Già Gân,Hoàn thành,"Jonathan E Steinberg, Robert Levine",60 phút/tập,Vietsub,2022,Âu Mỹ,"Hành Động, Hình Sự",HD
472,Tạm Biệt Lũ Ngốc,Hoàn thành,Albert Dupontel,87 Phút,Vietsub,2020,Pháp,"Hài Hước, Chính kịch",HD
473,Vũ Nữ Thoát Y,Hoàn thành,Lorene Scafaria,110 Phút,Vietsub,2019,Âu Mỹ,"Hài Hước, Chính kịch, Hình Sự",HD
474,Sát Thủ Mozu,Hoàn thành,羽住英一郎,116 Phút,Vietsub,2015,Nhật Bản,Hình Sự,HD
475,Dịch Vụ Ca Đêm,Hoàn thành,Ron Howard,106 phút,Vietsub,1982,Âu Mỹ,Hài Hước,HD
476,Henri,Hoàn thành,Octavian O.,89 phút,Vietsub,2017,Âu Mỹ,"Chính kịch, Hành Động",HD
477,Nửa Đêm Tại Pera Palace,Hoàn thành,Elif Usman,45 phút/tập,Vietsub,2022,Thổ Nhĩ Kỳ,"Chính kịch, Bí ẩn, Hình Sự",HD
478,Nửa Đêm Tại Pera Palace 2,Hoàn thành,Elif Usman,45 Phút / Tập,Vietsub,2024,Thổ Nhĩ Kỳ,"Chính kịch, Bí ẩn, Hình Sự",HD
479,Bí Mật Giới Thể Thao: Vụ Sát Hại Air McNair,Hoàn thành,"Taylor Alexander Ward, Rodney Lucas",58 phút,Vietsub,2024,Âu Mỹ,"Hình Sự, Tài Liệu",HD
480,Tây Thi Tân Truyện,Hoàn thành,Dai Yilin,105 phút,Vietsub,2024,Trung Quốc,"Tình Cảm, Bí ẩn",HD
481,Tham Vọng Hôn Nhân,Hoàn thành,Kim Jung Min,60 phút/tập,VietSub,2022,Hàn Quốc,"Chính kịch, Tình Cảm, Tâm Lý, Phiêu Lưu, Gia Đình",HD
482,Phẩm Chất Quý Cô,Hoàn thành,"Jun Ji-hyun, Kwon Young-il",70 phút / tập,Thuyết Minh,2019,Hàn Quốc,"Tình Cảm, Tâm Lý",HD
483,Trường An Bí Văn Lục: Nhiếp Ẩn Nương,Hoàn thành,Vương Dĩnh,85 phút,Vietsub,2024,Trung Quốc,"Hành Động, Cổ Trang",HD
484,Chó Săn Chiến Tranh,Hoàn thành,Isaac Florentine,94 phút,Vietsub,2024,Âu Mỹ,"Hành Động, Hình Sự",HD
485,Kẻ Mù,Sắp chiếu,Andrew Hyatt,110 Phút,Vietsub,2023,Âu Mỹ,Chính kịch,HD
486,Vũ Thành,Hoàn thành,Tunku Mona Riza,115 Phút,Vietsub,2023,Malaysia,Chính kịch,HD
487,Vũ Nữ Thoát Y,Hoàn thành,Albert Langitan,90 Phút,Vietsub,2023,Philippines,"Chính kịch, Phim 18+",HD
488,Đại Hiệp Hoắc Nguyên Giáp,Hoàn thành,"Bo Shan, Fang Liu",45M36S,Vietsub,2020,Trung Quốc,Võ Thuật,HD
489,Wentworth,Hoàn thành,Kevin Carlin,45 phút/tập,Vietsub,2013,Úc,"Chính kịch, Hình Sự",HD
490,Wentworth 2,Hoàn thành,Kevin Carlin,45 phút/tập,Vietsub,2014,Úc,"Chính kịch, Hình Sự",HD
491,Wentworth 3,Hoàn thành,Kevin Carlin,45 phút/tập,Vietsub,2015,Úc,"Chính kịch, Hình Sự",HD
492,Wentworth 4,Hoàn thành,Kevin Carlin,45 phút/tập,Vietsub,2016,Úc,"Chính kịch, Hình Sự",HD
494,Trang Trại Vô Lo,Hoàn thành,Bartosz Prokopowicz,111 phút,Vietsub,2024,Ba lan,"Tình Cảm, Hài Hước",HD
495,Gia Đình Hoàn Hảo,Hoàn thành,Yukisada Isao,70 phút/tập,VietSub,2024,Hàn Quốc,"Tình Cảm, Chính kịch, Tâm Lý, Phiêu Lưu, Gia Đình",HD
496,Thiếu Gia Giả Nghèo 2,Hoàn thành,Bruno Garotti,89 phút,Vietsub,2023,Brazil,"Tình Cảm, Hài Hước",HD
497,Tình Yêu Đã Lãng Quên,Hoàn thành,Michał Gazda,140 phút,Vietsub,2023,Ba lan,"Tình Cảm, Chính kịch",HD
498,Tân Olympus,Hoàn thành,Ferzan Özpetek,112 phút,Vietsub,2023,Ý,"Tình Cảm, Chính kịch",HD
499,Tải Trọng Tối Đa,Hoàn thành,Tomás Portella,100 phút,Vietsub,2023,Brazil,"Chính kịch, Hành Động",HD
500,Thương Lan Quyết,Hoàn thành,Yi Zheng,40 phút/tập,VietSub,2022,Trung Quốc,"Tình Cảm, Cổ Trang",HD
501,Nàng Công Chúa Ở Thung Lũng Gió,Hoàn thành,宮崎駿,117 phút,Vietsub,1984,Nhật Bản,"Phiêu Lưu, Viễn Tưởng",HD
502,Ngọn Đồi Hoa Hồng Anh,Hoàn thành,宮崎吾朗,91 phút,Vietsub,2011,Nhật Bản,Chính kịch,HD
503,Ellie Si Tình,Sắp chiếu,三木康一郎,108 phút,Vietsub,2024,Nhật Bản,"Tình Cảm, Hài Hước, Tâm Lý",HD
504,Gió Nổi,Hoàn thành,宮崎駿,126 phút,Vietsub,2013,Nhật Bản,"Tình Cảm, Chính kịch, Chiến Tranh",HD
505,Cộng Sự Hoàn Hảo,Hoàn thành,Kim Ga Ram,60 phút/ tập,VietSub,2024,Hàn Quốc,"Chính kịch, Tình Cảm, Tâm Lý",HD
506,Loài Mèo Trả Ơn,Hoàn thành,森田宏幸,75 phút,Vietsub,2002,Nhật Bản,"Chính kịch, Phiêu Lưu, Gia Đình, Viễn Tưởng",HD
507,Chỉ Còn Ngày Hôm Qua,Hoàn thành,高畑勲,119 phút,Vietsub,1991,Nhật Bản,"Tình Cảm, Chính kịch",HD
508,Dịch Vụ Giao Hàng Kiki,Hoàn thành,宮崎駿,103 phút,Vietsub,1989,Nhật Bản,"Gia Đình, Viễn Tưởng",HD
509,Cuộc Chiến Gấu Trúc,Hoàn thành,高畑勲,119 phút,Vietsub,1994,Nhật Bản,"Phiêu Lưu, Viễn Tưởng",HD
510,Cô Bé Người Cá Ponyo,Hoàn thành,宮崎駿,100 phút,Vietsub,2008,Nhật Bản,"Gia Đình, Viễn Tưởng",HD
511,Rodeo Rock,Hoàn thành,Marcelo Antunez,109 phút,Vietsub,2023,Brazil,"Tình Cảm, Hài Hước, Âm Nhạc",HD
512,Phòng khám thất tình,Hoàn thành,Shirel Peleg,96 phút,Vietsub,2024,Đức,"Tình Cảm, Hài Hước, Chính kịch",HD
513,Punjab Hoang Dã,Hoàn thành,Simarpreet Singh,111 phút,Vietsub,2024,Ấn Độ,"Hài Hước, Phiêu Lưu",HD
514,Ngộ Không Đại Náo Sư Đà Lĩnh,Hoàn thành,郭玉龙,74 phút,Vietsub,2024,Trung Quốc,"Chính kịch, Hành Động, Viễn Tưởng",HD
515,Bí Ẩn Tại Hồ Bơi,Hoàn thành,Sophon Sakdaphisit,115 phút,Vietsub,2014,Thái Lan,"Chính kịch, Kinh Dị",HD
516,Vận Mệnh Hai Ta,Hoàn thành,Catherine Camarillo,133 phút,Vietsub,2024,Philippines,"Tình Cảm, Chính kịch",HD
517,Mình Yêu Nhau Đi,Hoàn thành,Prueksa Amaruji,100 phút,Vietsub,2022,Thái Lan,"Tình Cảm, Hài Hước",HD
519,Khoảng Trời Bí Mật (Khoảng Trời Của Riêng Em),Hoàn thành,Aun Kornpoj Suebchompoo,60 phút/tập,Vietsub,2024,Thái Lan,Tình Cảm,HD
520,Vùng Đất Hạnh Phúc,Hoàn thành,Choo Chang Min,124 Phút,Vietsub,2024,Hàn Quốc,"Tâm Lý, Chính kịch",HD
521,365 Ngày 2: Hôm nay,Hoàn thành,"Barbara Białowąs, Tomasz Mandes",1g 51phút,Vietsub,2022,Âu Mỹ,Chính kịch,HD
522,Độ Thanh Hoan,Hoàn thành,He Jia Nan,15 phút/ tập,Vietsub,2024,Trung Quốc,"Tình Cảm, Chính kịch, Tâm Lý, Phiêu Lưu, Hành Động",HD
523,Những chú chó nghĩ gì,Hoàn thành,Andy Mitchell,75 phút,Vietsub,2024,Âu Mỹ,Tài Liệu,HD
524,Polis Evo 3,Hoàn thành,Syafiq Yusof,110 phút,Vietsub,2023,Malaysia,"Hài Hước, Tâm Lý, Hành Động, Hình Sự",HD
525,Những kẻ xấu xa: Một Giáng sinh rất xấu xa,Hoàn thành,Bret Haaland,22 phút,Vietsub,2023,Âu Mỹ,"Hài Hước, Gia Đình, Hành Động",HD
526,Người Bảo Vệ Loài Bướm Chúa,Hoàn thành,Emiliano Ruprah de Fina,92 phút,Vietsub,2024,Tây Ban Nha,Tài Liệu,HD
527,Tẩu Sơn Nhân Kỳ Đàm,Hoàn thành,"Zhao Ruiyong, Yuan Guangan",74 phút,Vietsub,2024,Trung Quốc,"Tâm Lý, Bí ẩn",HD
529,Wrongful Death,Hoàn thành,Vjekoslav Katušin,86 phút,Vietsub,2023,Đức,"Tâm Lý, Bí ẩn",HD
530,Một Ngày Nào Đó Chúng Ta Sẽ Kể Cho Nhau Mọi Điều,Hoàn thành,Emily Atef,129 phút,Vietsub,2023,Đức,Chính kịch,HD
531,Cuộc Hôn Nhân Ngọt Ngào Với Thiếu Chủ Cực Cưng Chiều,Đang chiếu,Kuwajima Kenji,24 Phút/Tập,VietSub,2024,Nhật Bản,"Tình Cảm, Hài Hước, Tâm Lý",HD
532,Thành Thời Gian,Hoàn thành,Chan Ka Lam,45 phút/tập,VietSub,2023,Trung Quốc,"Chính kịch, Tình Cảm, Tâm Lý",HD
533,Thanh Xuân Đón Gió,Hoàn thành,Xing Jian Jun,45 phút/ tập,VietSub,2024,Trung Quốc,"Tình Cảm, Chính kịch, Tâm Lý, Gia Đình",HD
534,Nữ Hộ Vệ Xinh Đẹp Thủy Thủ Mặt Trăng: Vĩnh Hằng,Hoàn thành,Hiroshi Watanabe,81 phút,Vietsub,2021,Nhật Bản,"Hành Động, Hoạt Hình",HD
535,Nữ Hộ Vệ Xinh Đẹp Thủy Thủ Mặt Trăng: Vĩnh Hằng 2,Hoàn thành,Chiaki Kon,80 phút,Vietsub,2021,Nhật Bản,"Hành Động, Hoạt Hình",HD
536,Rồng Đen: Võ Đài Sinh Tử,Hoàn thành,John R. Leonetti,95 phút,Vietsub,1997,Âu Mỹ,"Hành Động, Viễn Tưởng",HD
537,Hai Gã Bịp Bợm,Hoàn thành,Frank Oz,110 Phút,Vietsub,1988,Âu Mỹ,"Hài Hước, Hình Sự",HD
538,Quan Huyện Trịnh Bản Kiều,Hoàn thành,"Dương Trí Khiêm, Hà Chấn Hoa",45 Phút/Tập,Vietsub,2017,Trung Quốc,"Tâm Lý, Cổ Trang",HD
539,Kỳ Nghỉ Phép 3 Ngày,Hoàn thành,Yook Sang Hyo,1 Tiếng 45Phút,VietSub,2023,Hàn Quốc,"Tình Cảm, Chính kịch, Tâm Lý, Gia Đình",HD
540,Ninja Rùa Trỗi Dậy: Bản Điện Ảnh,Hoàn thành,"Andy Suriano, Ant Ward",86 phút,Vietsub,2022,Âu Mỹ,"Hành Động, Viễn Tưởng",HD
541,Elize Matsunaga: Tội ác ở Sao Paulo,Hoàn thành,Eliza Capai,50 phút/tập,Vietsub,2021,Brazil,"Hình Sự, Tài Liệu",HD
542,Mĩ Nữ và Quý Ngài Lãng Mạn,Hoàn thành,Hong Seok-ku,60 phút /tập,VietSub,2024,Hàn Quốc,"Gia Đình, Chính kịch",HD
543,Yêu Em Từ Dạ Dày,Hoàn thành,Chang Chen,43M58S,Thuyết Minh,2020,Trung Quốc,"Tình Cảm, Chính kịch, Tâm Lý",HD
544,Câu Chuyện Cảnh Sát Đông Bắc 2,Hoàn thành,Yang Bing Jia,1h51m18s,VietSub,2023,Trung Quốc,"Chính kịch, Tâm Lý, Hành Động, Hình Sự",HD
545,Câu Chuyện Cảnh Sát Đông Bắc,Hoàn thành,Qin Pengfei,1 giờ 30phút,VietSub,2021,Trung Quốc,"Tình Cảm, Chính kịch, Tâm Lý, Bí ẩn, Hình Sự",HD
546,Màn Thứ Hai,Hoàn thành,Quentin Dupieux,85 phút,Vietsub,2024,Pháp,Hài Hước,HD
547,Nơi Tình Yêu Kết Thúc,Hoàn thành,Justin Baldoni,131 phút,Vietsub,2024,Âu Mỹ,"Tình Cảm, Chính kịch",HD
549,Chiến Cơ Cảnh Giới,Hoàn thành,Nobuyoshi Habara,24 phút/tập,Vietsub,2021,Nhật Bản,Viễn Tưởng,HD
550,Tạng Hải Hoa,Hoàn thành,Han Qing,45 phút/tập,VietSub,2024,Trung Quốc,"Tình Cảm, Chính kịch, Tâm Lý, Phiêu Lưu, Hành Động",HD
551,Masameer County,Hoàn thành,Malik Nejer,21 phút/tập,Vietsub,2021,Ả Rập Xê Út,Hài Hước,HD
552,Masameer County 2,Hoàn thành,Malik Nejer,38 phút/tập,Vietsub,2023,Ả Rập Xê Út,Hài Hước,HD
553,Tự Cổ Anh Hùng Xuất Thiếu Niên,Hoàn thành,Tần Tần,46 phút/tập,Vietsub,2012,Trung Quốc,Hành Động,HD
554,Tôn Ngộ Không Đại Náo Sư Đà Lĩnh,Hoàn thành,Guo Yulong,74 phút,VietSub,2024,Trung Quốc,"Chính kịch, Phiêu Lưu, Hành Động, Võ Thuật, Viễn Tưởng",HD
555,Khởi Đầu Của Biển Cả,Hoàn thành,"Hiroki Kazama, Mai Takano",45 phút/tập,VietSub,2024,Nhật Bản,"Gia Đình, Chính kịch",HD
556,Hãy Cho Tôi Thấy Bạn Là Ai,Hoàn thành,Chiang Ping Chen,45 phút/tập,Vietsub,2024,Đài Loan,"Tình Cảm, Tâm Lý",HD
557,Ngược Dòng Thời Gian Để Yêu Anh (The Movie),Hoàn thành,Adisorn Tresirikasem,2g 45phút,Vietsub,2022,Thái Lan,Hài Hước,HD
558,Chung Cực Bút Ký,Hoàn thành,"Zou Xi, Ma Xiao Gang, Lizhou Wei, David Wai",47M13S,Vietsub,2020,Trung Quốc,"Phiêu Lưu, Bí ẩn",HD
559,Điệp Viên Tiger Phần 3,Hoàn thành,Maneesh Sharma,2 giờ 36 phút,VietSub,2023,Ấn Độ,"Chính kịch, Phiêu Lưu, Hành Động, Bí ẩn",HD
560,Ly Hôn,Hoàn thành,"Michał Chaciński, Radosław Drabik",91 phút,Vietsub,2024,Ba lan,"Hài Hước, Chính kịch",HD
561,Chúng ta từng là vua,Hoàn thành,"Mauricio Lule, Pepé Valle",37 phút/tập,Vietsub,2024,Mexico,"Chính kịch, Hình Sự",HD
562,Chuyện Tình Bác Sĩ,Hoàn thành,Oh Choong-hwan,1H2M,Vietsub,2016,Hàn Quốc,"Tình Cảm, Tâm Lý",HD
563,Sweet Home: Thế Giới Ma Quái,Hoàn thành,Lee Eung Bok,50 phút/tập,Vietsub,2020,Hàn Quốc,"Hành Động, Phiêu Lưu, Kinh Dị",HD
564,Trục Tâm,Hoàn thành,Ge Wenzhe,13 phút/tập,Vietsub,2024,Trung Quốc,Chính kịch,HD
565,Hà Bách Tế,Hoàn thành,Sun Jia Yang,45 phút/tập,VietSub,2024,Trung Quốc,"Tình Cảm, Chính kịch, Tâm Lý, Bí ẩn, Cổ Trang",HD
566,Tẩu Sơn Nhân Kỳ Đàm,Hoàn thành,Yuan Guang An,1 giờ 30phút,VietSub,2024,Trung Quốc,"Kinh Dị, Phiêu Lưu, Bí ẩn, Viễn Tưởng",HD
567,Cơn Bão Đen,Hoàn thành,Qin Peng Fei,1 giờ 30phút,VietSub,2024,Trung Quốc,"Phiêu Lưu, Hành Động, Bí ẩn, Hình Sự",HD
569,Dị thường: Buas,Hoàn thành,Azhari Mohd Zain,90 phút,Vietsub,2024,Malaysia,"Kinh Dị, Tâm Lý, Hành Động, Hình Sự",HD
570,Báo Động Bangkok: Thiên Đường và Địa Ngục,Hoàn thành,Kome Kongkiat Komesiri,1 giờ 30phút,VietSub,2024,Thái Lan,"Tâm Lý, Phiêu Lưu, Hành Động",HD
571,Mỗ Mỗ: Người Là Duy Nhất,Hoàn thành,Liu Guang Hui,45 phút/tập,VietSub,2024,Đài Loan,"Tình Cảm, Chính kịch, Tâm Lý",HD
572,Captivity,Hoàn thành,Roland Joffé,84 Phút,Vietsub,2007,Âu Mỹ,"Hình Sự, Kinh Dị, Bí ẩn",HD
573,Hội Sát Nhân Đọc Sách,Hoàn thành,Carlos Alonso-Ojea,89 Phút,Vietsub,2023,Tây Ban Nha,Kinh Dị,HD
574,Vụng Trộm,Hoàn thành,Bobby Bonifacio,60 phút,Vietsub,2024,Philippines,"Tình Cảm, Chính kịch, Tâm Lý, Phim 18+",HD
575,Nữ Nhện Báo Thù,Hoàn thành,Yasuzô Masumura,1h 26m,Vietsub,1966,Nhật Bản,Chính kịch,HD
576,Bảy Viên Ngọc Rồng Z: Chúa Tể Ốc Sên,Hoàn thành,Mitsuo Hashimoto,52 phút,Vietsub,1991,Nhật Bản,"Hành Động, Viễn Tưởng, Hoạt Hình",HD
577,Nạn nhân vô hình: Vụ án Eliza Samudio,Hoàn thành,Juliana Antunes,101 phút,Vietsub,2024,Brazil,"Hình Sự, Tài Liệu",HD
578,Khát Vọng Thượng Lưu,Hoàn thành,Choi Eun-gyung,70 phút/tập,Vietsub,2013,Hàn Quốc,"Hài Hước, Chính kịch, Gia Đình",HD
579,Sinh Vật Gyeongseong 2,Hoàn thành,Jung Dong Yoon,65 phút/ tập,VietSub,2024,Hàn Quốc,"Hành Động, Viễn Tưởng, Phiêu Lưu, Khoa Học, Chính kịch, Bí ẩn, Tình Cảm, Tâm Lý",HD
580,Tuyết Mê Cung,Hoàn thành,"Lu Xing, Chen Zhou Fei",45 phút/tập,VietSub,2024,Trung Quốc,"Tình Cảm, Chính kịch, Tâm Lý, Phiêu Lưu, Hành Động, Bí ẩn, Hình Sự",HD
581,Khi Hoa Rừng Nở Rộ,Hoàn thành,Phí Chấn Tường,45 phút/tập,VietSub,2024,Trung Quốc,"Tình Cảm, Chính kịch, Tâm Lý, Học Đường",HD
582,Quý Ông Đích Thực,Hoàn thành,Onur Bilgetay,110 Phút,Vietsub,2024,Thổ Nhĩ Kỳ,Chính kịch,HD
583,Mỹ Nữ Tái Sinh,Hoàn thành,"Đạo diễn Lee Chang Min, Park Seon Ho (Dr)",60 phút/tập,Vietsub,2014,Hàn Quốc,"Tình Cảm, Hài Hước",HD
584,Bí Mật Đen Tối Của Ông Chủ,Hoàn thành,"Phuwanit Pholdee, Sornpat Prakaranan",1 giờ 53 phút,VietSub,2021,Thái Lan,"Hài Hước, Chính kịch, Phiêu Lưu, Bí ẩn",HD
585,Bắt Búp Bê,Hoàn thành,"Yan Fei, Peng Damo",133 Phút,Vietsub,2024,Trung Quốc,Hài Hước,HD
586,"'"Sói'" Thủ Đối Đầu - Wolfs",Hoàn thành,Jon Watts,108 Phút,VietSub,2024,Âu Mỹ,"Hành Động, Hài Hước, Hình Sự",HD
587,Nam Dương Nữ Nhi Tình,Đang chiếu,Guoshimin,30 phút/tập,VietSub,2023,Trung Quốc,"Tình Cảm, Chính kịch, Tâm Lý",HD
588,Chuyến Tàu Nô Lệ,Hoàn thành,Steven Spielberg,155 Phút,Vietsub,1997,Âu Mỹ,"Chính kịch, Bí ẩn",HD
589,Tình Trong Tưởng Tưởng,Hoàn thành,Richard Franklin,87 Phút,Vietsub,1976,Úc,Hài Hước,HD
590,Những Tay Cao Bồi,Hoàn thành,Christopher Cain,107 Phút,Vietsub,1988,Âu Mỹ,"Hành Động, Phiêu Lưu",HD
591,Giáng Sinh Bất Tận,Hoàn thành,Mike Mitchell,91 Phút,Vietsub,2004,Âu Mỹ,Hài Hước,HD
592,Will & Harper,Sắp chiếu,Josh Greenbaum,114 Phút,Sắp Chiếu,2024,Âu Mỹ,"Hài Hước, Tài Liệu",HD
593,Thiên Kim Giá Đáo 1998,Đang chiếu,Yi Lin,16 phút/tập,Vietsub,2024,Trung Quốc,"Viễn Tưởng, Khoa Học, Chính kịch, Tình Cảm, Tâm Lý",HD
594,Ba Chị Em Họ Tống,Hoàn thành,Mabel Cheung,145 phút,Vietsub,1997,Trung Quốc,"Tình Cảm, Chính kịch",HD
595,Hành Trình Đức Tin,Hoàn thành,Nathan Silver,111 phút,Vietsub,2024,Âu Mỹ,"Hài Hước, Chính kịch",HD
596,Chuska: Những Chiến Binh Bóng Rổ,Hoàn thành,Sydney Freeland,113 Phút,VietSub,2024,Âu Mỹ,Chính kịch,HD
597,Học Viện Anh Hùng Mùa 7,Đang chiếu,Kenji Nagasaki,30 phút/ tập,VietSub,2024,Nhật Bản,"Phiêu Lưu, Hành Động, Hoạt Hình",HD
599,Lucky Luke: Bản Ba-lát Của Anh Em Dalton,Hoàn thành,Morris,82 phút,Vietsub,1978,Pháp,"Hài Hước, Gia Đình",HD
600,Lucky Luke: Đi Về Miền Viễn Tây,Hoàn thành,Olivier Jean-Marie,90 phút,Vietsub,2007,Pháp,"Hài Hước, Phiêu Lưu",HD
604,Tình Yêu Trong Phim: Bản Lãng Mạn,Hoàn thành,Huang Ai Lun,82 phút/tập,Vietsub,2021,Trung Quốc,"Tình Cảm, Chính kịch",HD
605,Tôi Sẽ Không Thích Cậu Đâu!,Hoàn thành,Hác Chiêu Hách,10 phút/tập,Vietsub,2023,Trung Quốc,"Tình Cảm, Chính kịch, Tâm Lý",FHD
606,Cẩm Y Chi Hạ,Hoàn thành,"Yin Tao, Liu Guo Tong",46M13S,Vietsub,2019,Trung Quốc,"Tình Cảm, Cổ Trang, Bí ẩn",HD
607,Hôm Nay Phải Cố Lên,Hoàn thành,"Ngô Cường, Vũ Trung Trung",25 phút/tập,VietSub,2023,Trung Quốc,"Tình Cảm, Hài Hước, Chính kịch, Tâm Lý",FHD
608,Yêu Không Kiểm Soát,Hoàn thành,Park Hyun Suk,59M19S,Vietsub,2016,Hàn Quốc,"Tình Cảm, Hài Hước, Chính kịch, Tâm Lý, Phiêu Lưu",HD
609,Tài Nữ Nhà Ta Trưởng Thành Rồi,Hoàn thành,He Jia Nan,45 phút/tập,VietSub,2024,Trung Quốc,"Tình Cảm, Hài Hước, Chính kịch, Tâm Lý, Cổ Trang",HD
610,Căn Hộ 7A,Hoàn thành,Natalie Erika James,106 phút,Vietsub,2024,Âu Mỹ,"Kinh Dị, Tâm Lý",HD
611,Ma Vui Vẻ 4,Hoàn thành,高志森,88 phút,Vietsub,1990,Hồng Kông,"Hài Hước, Kinh Dị, Viễn Tưởng",HD
612,Ma Vui Vẻ 5,Hoàn thành,Raymond Wong,91 phút,Vietsub,1991,Hồng Kông,"Hài Hước, Kinh Dị, Viễn Tưởng",HD
613,Ma Cây,Hoàn thành,Sidharta Tata,112 phút,Vietsub,2024,Indonesia,"Kinh Dị, Tâm Lý, Viễn Tưởng",HD
614,Hiệp Sĩ Mặt Nạ: Revice Hậu Truyện,Hoàn thành,Koichi Sakamoto,77 phút,Vietsub,2023,Nhật Bản,"Chính kịch, Phiêu Lưu, Hành Động",HD
615,Hiệp Sĩ Mặt Nạ: Hỗn Chiến Thời Gian Thực,Hoàn thành,Teruaki Sugihara,80 phút,Vietsub,2020,Nhật Bản,"Hành Động, Viễn Tưởng",HD
616,Hiệp Sĩ Mặt Nạ: Gia Đình Siêu Phàm,Hoàn thành,Koichi Sakamoto,62 phút,Vietsub,2022,Nhật Bản,"Hành Động, Viễn Tưởng",HD
617,Phục Vụ Nhân Dân,Hoàn thành,Jang Cheol-soo,146 Phút,Vietsub,2022,Hàn Quốc,Tình Cảm,HD
618,Đối Tác Hôn Nhân: Nếu Yêu thì sẽ Ly Hôn,Đang chiếu,Tanazawa Takayoshi,24 Phút/Tập,VietSub,2024,Nhật Bản,"Tình Cảm, Hài Hước, Chính kịch, Tâm Lý",HD
619,Người Trong Lồng,Đang chiếu,Xin Kuo,17 phút/tập,Vietsub,2024,Trung Quốc,"Hài Hước, Viễn Tưởng, Khoa Học, Hoạt Hình",HD
620,Huyễn Nhạc Sâm Lâm,Hoàn thành,Hà Hoằng Huy,45 phút/tập,Vietsub,2024,Trung Quốc,Cổ Trang,HD
621,21 Ngày,Hoàn thành,David Chuang,42 Phút/ Tập,Vietsub,2024,Trung Quốc,"Kinh Dị, Bí ẩn, Hình Sự, Tâm Lý, Phiêu Lưu, Hành Động",HD
623,Làn Nước Tử Thần,Hoàn thành,Hayley Easton Street,86 Phút,Vietsub,2024,Anh,Kinh Dị,HD
624,"Vietnam, Texas",Hoàn thành,Robert Ginty,92 phút,Vietsub,1990,Âu Mỹ,Hành Động,HD
626,Troll: Quỷ Núi Khổng Lồ,Hoàn thành,Roar Uthaug,104 phút,Vietsub,2022,Na Uy,"Phiêu Lưu, Hành Động, Viễn Tưởng",HD
628,Quán Trọ Tam Canh,Hoàn thành,陈蛟龙,88 phút,Vietsub,2024,Trung Quốc,"Tâm Lý, Bí ẩn",HD
629,Cá Mập Sát Thủ,Hoàn thành,Joshua Chan,72 phút,Vietsub,2023,Trung Quốc,"Kinh Dị, Tâm Lý",HD
630,Killer Heat,Hoàn thành,Philippe Lacôte,97 phút,Vietsub,2024,Âu Mỹ,"Chính kịch, Tâm Lý, Hình Sự",HD
631,Asura: Thành Phố Tội Ác,Hoàn thành,김성수,136 phút,Vietsub,2016,Hàn Quốc,"Tâm Lý, Hành Động, Hình Sự",HD
632,Hôn Nhân Không Thua Thiệt,Hoàn thành,Kim Jung Shik,63 phút/tập,Vietsub,2024,Hàn Quốc,"Hài Hước, Chính kịch, Tình Cảm, Tâm Lý, Gia Đình",HD
634,Liên Minh Siêu Thú DC,Hoàn thành,Jared Stern,105 phút,Vietsub,2022,Âu Mỹ,Hoạt Hình,HD
635,Arlo: Cậu Bé Cá Sấu,Hoàn thành,Ryan Crego,90 phú,Vietsub,2021,Âu Mỹ,"Hài Hước, Gia Đình, Hoạt Hình",HD
636,Thợ Săn Thành Phố: Căn Cứ Bí Mật Shinjuku,Hoàn thành,Kenji Kodama,95 phút,Vietsub,2019,Nhật Bản,"Hành Động, Hình Sự, Hoạt Hình",HD
637,Học Viện Đào Tạo Ngôi Sao,Hoàn thành,ANAN RASAMEE,45 phút/tập,Vietsub,2023,Thái Lan,"Tâm Lý, Bí ẩn, Tình Cảm",FHD
638,Tẩu Thoát (Hàn Quốc),Hoàn thành,Lee Jong Pil,96 Phút,Thuyết Minh,2024,Hàn Quốc,"Hành Động, Chính kịch",HD
639,Vay Nợ Tình Yêu,Hoàn thành,Wasuthep Ketpetch,1 giờ 30phút,VietSub,2024,Thái Lan,"Tình Cảm, Hài Hước, Chính kịch, Tâm Lý",HD
640,Quái Thú So Chiêu,Hoàn thành,Hamish Grieve,95 phút,Vietsub,2021,Âu Mỹ,"Gia Đình, Hoạt Hình",HD
642,Dữ Phượng Hành,Hoàn thành,Deng Ke,45 Phút/ tập,VietSub,2024,Trung Quốc,"Tình Cảm, Cổ Trang, Viễn Tưởng",HD
643,Nhịp Điệu Tình Yêu (Thong Thả Tình Yêu),Hoàn thành,Min Doo Shik,60 phút/tập,VietSub,2024,Hàn Quốc,"Tình Cảm, Chính kịch, Tâm Lý",HD
644,Gấu Đỏ Biến Hình,Hoàn thành,Domee Shi,100 phút,Vietsub,2022,Âu Mỹ,"Hài Hước, Hoạt Hình",HD
646,Harold và Cây Bút Phép Thuật,Hoàn thành,Carlos Saldanha,90 Phút,Vietsub,2024,Âu Mỹ,"Hài Hước, Phiêu Lưu, Gia Đình",HD
648,Cha Yêu,Hoàn thành,Christian Paolo Lat,1 giờ 30phút,VietSub,2024,Philippines,"Tâm Lý, Phim 18+",HD
649,Cuộc Chiến Cứu Con,Hoàn thành,Dimitri Logothetis,1 giờ 30phút,VietSub,2024,Âu Mỹ,"Phiêu Lưu, Hành Động, Bí ẩn",HD
651,Biệt Đội Cảm Tử 2,Hoàn thành,James Gunn,1 giờ 30phút,Thuyết Minh,2021,Âu Mỹ,"Hành Động, Viễn Tưởng, Phiêu Lưu, Khoa Học, Kinh Dị",HD
652,Thấy 2,Hoàn thành,Anders Engström,60 phút/tập,Vietsub,2021,Âu Mỹ,"Chính kịch, Hành Động, Viễn Tưởng",HD
653,Thấy 3,Hoàn thành,Anders Engström,60 phút/tập,Vietsub,2022,Âu Mỹ,"Chính kịch, Hành Động, Viễn Tưởng",HD
654,Thí Nghiệm Utopia,Hoàn thành,Toby Haynes,55 phút/tập,Vietsub,2020,Âu Mỹ,"Chính kịch, Hành Động, Bí ẩn, Viễn Tưởng",HD
656,Chuyện Kể Từ Vòng Lặp,Hoàn thành,Jodie Foster,50 phút/tập,Vietsub,2020,Âu Mỹ,"Chính kịch, Viễn Tưởng",HD
657,Nhiệt Lạc Cổn Thang,Hoàn thành,Giả Linh,129 phút,Vietsub,2024,Hàn Quốc,Hài Hước,HD
658,Dấu Giày Thứ 3 2024,Hoàn thành,Xiang Yang,60 phút,Vietsub,2022,Trung Quốc,Hành Động,HD
659,Thất Hình Đại Tội: Lời Nguyền Của Ánh Sáng,Hoàn thành,Takayuki Hamana,1h 19m,Vietsub,2021,Nhật Bản,"Phiêu Lưu, Hành Động, Hoạt Hình",HD
660,Thỏ Gà Rà Kho Báu,Hoàn thành,Ben Stassen,91 phút,Vietsub,2022,Pháp,"Hài Hước, Phiêu Lưu, Hoạt Hình",HD
